county_desc,light_desc,collision_type_desc,weather_desc,harm_event_desc1,harm_event_desc2,rd_cond_desc,report_type
Baltimore,Dark Lights On,Same Direction Rear End,Raining,Parked Vehicle,Not Applicable,No Defects,Property Damage Crash
Baltimore,Daylight,Other,Not Applicable,Other Vehicle,Not Applicable,No Defects,Property Damage Crash
Baltimore,Daylight,Same Direction Rear End,Raining,Other Vehicle,Other Vehicle,No Defects,Property Damage Crash
Cecil,Daylight,Single Vehicle,Not Applicable,Fixed Object,Not Applicable,No Defects,Property Damage Crash
Prince George's,Dark Lights On,Same Direction Rear End,Raining,Parked Vehicle,Parked Vehicle,No Defects,Property Damage Crash
Baltimore City,Dark Lights On,Single Vehicle,Raining,Other,Other,No Defects,Property Damage Crash
Baltimore City,Daylight,Other,Raining,Other Vehicle,Not Applicable,No Defects,Property Damage Crash
Charles,Daylight,Single Vehicle,Raining,Fixed Object,Not Applicable,No Defects,Property Damage Crash
Prince George's,Daylight,Other,Not Applicable,Other Vehicle,Not Applicable,No Defects,Property Damage Crash
Anne Arundel,Daylight,Same Direction Sideswipe,Raining,Fixed Object,Other Vehicle,No Defects,Property Damage Crash
Frederick,Daylight,Same Direction Rear End,Raining,Other Vehicle,Not Applicable,No Defects,Property Damage Crash
Baltimore,Daylight,Same Direction Rear End,Raining,Other Vehicle,Fell Jumped from Motor Vehicle,No Defects,Injury Crash
Anne Arundel,Daylight,Single Vehicle,Raining,Other Vehicle,Fixed Object,No Defects,Property Damage Crash
Prince George's,Dark Lights On,Single Vehicle,Raining,Off Road,Not Applicable,No Defects,Property Damage Crash
Baltimore,Daylight,Same Direction Rear End Left Turn,Raining,Other Vehicle,Not Applicable,No Defects,Injury Crash
Harford,Dark Lights On,Single Vehicle,Raining,Fixed Object,Not Applicable,No Defects,Property Damage Crash
Baltimore,Daylight,Other,Raining,Parked Vehicle,Fixed Object,No Defects,Property Damage Crash
Baltimore,Unknown,Unknown,Unknown,Parked Vehicle,Not Applicable,No Defects,Property Damage Crash
Prince George's,Daylight,Other,Raining,Parked Vehicle,Not Applicable,No Defects,Property Damage Crash
Prince George's,Dark No Lights,Same Direction Sideswipe,Raining,Other Vehicle,Not Applicable,No Defects,Property Damage Crash
Howard,Daylight,Single Vehicle,Raining,Off Road,Overturn,Not Applicable,Property Damage Crash
Howard,Daylight,Single Vehicle,Raining,Explosion or Fire,Not Applicable,No Defects,Property Damage Crash
Anne Arundel,Dark Lights On,Single Vehicle,Raining,Fixed Object,Not Applicable,No Defects,Property Damage Crash
Baltimore,Daylight,Same Direction Both Left Turn,Clear,Other Vehicle,Not Applicable,No Defects,Property Damage Crash
Baltimore,Daylight,Opposite Direction Sideswipe,Raining,Other Vehicle,Not Applicable,No Defects,Property Damage Crash
Baltimore City,Daylight,Head On Left Turn,Not Applicable,Other Vehicle,Other Vehicle,No Defects,Property Damage Crash
Harford,Dark Lights On,Single Vehicle,Not Applicable,Fixed Object,Not Applicable,No Defects,Property Damage Crash
Frederick,Daylight,Same Direction Rear End,Raining,Other Vehicle,Other Vehicle,No Defects,Injury Crash
Montgomery,Daylight,Single Vehicle,Raining,Pedestrian,Not Applicable,No Defects,Injury Crash
Wicomico,Dark No Lights,Same Movement Angle,Raining,Other Vehicle,Off Road,No Defects,Injury Crash
Montgomery,Daylight,Other,Raining,Pedestrian,Not Applicable,No Defects,Injury Crash
Prince George's,Dark Lights On,Other,Raining,Parked Vehicle,Not Applicable,No Defects,Injury Crash
Montgomery,Not Applicable,Single Vehicle,Not Applicable,Fixed Object,Not Applicable,No Defects,Property Damage Crash
Washington,Daylight,Same Direction Rear End Left Turn,Raining,Other Vehicle,Fixed Object,No Defects,Injury Crash
Prince George's,Daylight,Same Movement Angle,Not Applicable,Other Vehicle,Other Vehicle,No Defects,Injury Crash
Baltimore City,Dark Lights On,Other,Not Applicable,Bicycle,Not Applicable,Not Applicable,Injury Crash
Prince George's,Daylight,Other,Raining,Parked Vehicle,Not Applicable,No Defects,Property Damage Crash
Queen Anne's,Daylight,Same Movement Angle,Raining,Other Vehicle,Other Vehicle,No Defects,Injury Crash
Baltimore,Daylight,Single Vehicle,Not Applicable,Fixed Object,Not Applicable,No Defects,Injury Crash
Baltimore,Daylight,Head On,Raining,Other Vehicle,Other Vehicle,View Obstructed,Property Damage Crash
Montgomery,Daylight,Angle Meets Left Turn Head On,Raining,Other Vehicle,Not Applicable,No Defects,Injury Crash
Allegany,Daylight,Other,Not Applicable,Other Vehicle,Fixed Object,No Defects,Injury Crash
Baltimore,Daylight,Other,Raining,Parked Vehicle,Not Applicable,No Defects,Property Damage Crash
Charles,Dark Lights On,Single Vehicle,Raining,Off Road,Fixed Object,No Defects,Property Damage Crash
Baltimore City,Daylight,Other,Raining,Other Vehicle,Not Applicable,No Defects,Injury Crash
Charles,Dark No Lights,Single Vehicle,Raining,Thrown or Falling Object,Not Applicable,Foreign Material,Injury Crash
Baltimore City,Dark Lights On,Same Direction Rear End,Raining,Other Vehicle,Other Vehicle,No Defects,Property Damage Crash
Frederick,Daylight,Single Vehicle,Raining,Fixed Object,Not Applicable,No Defects,Injury Crash
St. Mary's,Daylight,Other,Raining,Parked Vehicle,Not Applicable,No Defects,Property Damage Crash
Prince George's,Daylight,Opposite Direction Sideswipe,Raining,Other Vehicle,Parked Vehicle,No Defects,Property Damage Crash
Baltimore City,Daylight,Other,Raining,Parked Vehicle,Other Vehicle,No Defects,Property Damage Crash
Caroline,Dark No Lights,Single Vehicle,Raining,Animal,Fixed Object,No Defects,Property Damage Crash
Prince George's,Daylight,Same Direction Rear End,Raining,Other Vehicle,Other Vehicle,No Defects,Injury Crash
Baltimore,Daylight,Same Movement Angle,Raining,Other Vehicle,Other Vehicle,No Defects,Injury Crash
Frederick,Daylight,Same Direction Rear End,Raining,Other Vehicle,Not Applicable,No Defects,Property Damage Crash
St. Mary's,Daylight,Same Movement Angle,Raining,Other Vehicle,Fixed Object,No Defects,Property Damage Crash
Baltimore City,Dark Lights On,Single Vehicle,Severe Winds,Fixed Object,Not Applicable,No Defects,Property Damage Crash
Baltimore City,Daylight,Same Direction Rear End,Raining,Other Vehicle,Other Vehicle,No Defects,Property Damage Crash
Baltimore,Daylight,Same Direction Rear End,Not Applicable,Other Vehicle,Not Applicable,No Defects,Property Damage Crash
Carroll,Daylight,Same Movement Angle,Raining,Other Vehicle,Overturn,No Defects,Property Damage Crash
Frederick,Daylight,Other,Raining,Bicycle,Not Applicable,No Defects,Injury Crash
Montgomery,Dark Lights On,Other,Raining,Fixed Object,Parked Vehicle,No Defects,Property Damage Crash
Montgomery,Daylight,Same Movement Angle,Raining,Other Vehicle,Other Vehicle,No Defects,Injury Crash
Charles,Daylight,Other,Raining,Other Vehicle,Fixed Object,No Defects,Property Damage Crash
Baltimore,Daylight,Same Movement Angle,Raining,Other Vehicle,Not Applicable,No Defects,Property Damage Crash
Baltimore City,Daylight,Same Movement Angle,Raining,Other Vehicle,Other Vehicle,No Defects,Property Damage Crash
Baltimore City,Daylight,Same Direction Rear End,Raining,Other Vehicle,Other Vehicle,No Defects,Injury Crash
Prince George's,Daylight,Other,Raining,Other Vehicle,Not Applicable,No Defects,Injury Crash
Talbot,Daylight,Same Direction Rear End,Raining,Other Vehicle,Not Applicable,No Defects,Property Damage Crash
Baltimore,Daylight,Head On Left Turn,Raining,Other Vehicle,Not Applicable,No Defects,Injury Crash
Baltimore,Daylight,Same Movement Angle,Raining,Other Vehicle,Not Applicable,No Defects,Injury Crash
Baltimore,Daylight,Opposite Direction Sideswipe,Raining,Parked Vehicle,Not Applicable,No Defects,Property Damage Crash
Prince George's,Daylight,Same Direction Sideswipe,Raining,Other Vehicle,Not Applicable,No Defects,Property Damage Crash
Baltimore,Daylight,Single Vehicle,Raining,Fixed Object,Overturn,No Defects,Property Damage Crash
Baltimore,Dark Lights On,Single Vehicle,Not Applicable,Fixed Object,Not Applicable,No Defects,Property Damage Crash
Prince George's,Daylight,Head On Left Turn,Raining,Other Vehicle,Not Applicable,No Defects,Property Damage Crash
Baltimore City,Dark Lights On,Single Vehicle,Raining,Fixed Object,Not Applicable,No Defects,Property Damage Crash
Baltimore City,Daylight,Same Direction Rear End,Raining,Other Vehicle,Other Vehicle,Not Applicable,Property Damage Crash
Garrett,Daylight,Single Vehicle,Raining,Fixed Object,Not Applicable,No Defects,Property Damage Crash
Harford,Daylight,Single Vehicle,Raining,Fixed Object,Not Applicable,No Defects,Property Damage Crash
Prince George's,Unknown,Single Vehicle,Unknown,Fixed Object,Fixed Object,No Defects,Property Damage Crash
Montgomery,Daylight,Other,Raining,Other Vehicle,Not Applicable,No Defects,Property Damage Crash
Anne Arundel,Dark Lights On,Other,Raining,Parked Vehicle,Not Applicable,No Defects,Property Damage Crash
Frederick,Daylight,Single Vehicle,Raining,Overturn,Fixed Object,No Defects,Fatal Crash
Baltimore,Daylight,Other,Raining,Other Vehicle,Not Applicable,No Defects,Property Damage Crash
Charles,Dark Lights On,Same Direction Left Turn,Raining,Other Vehicle,Off Road,No Defects,Injury Crash
Washington,Daylight,Same Direction Rear End,Not Applicable,Other Vehicle,Not Applicable,No Defects,Injury Crash
Howard,Daylight,Same Direction Rear End,Not Applicable,Other Vehicle,Not Applicable,No Defects,Injury Crash
Prince George's,Dark Lights On,Same Direction Sideswipe,Raining,Parked Vehicle,Parked Vehicle,No Defects,Property Damage Crash
Anne Arundel,Daylight,Single Vehicle,Raining,Other Non Collision,Not Applicable,No Defects,Injury Crash
Carroll,Daylight,Single Vehicle,Raining,Off Road,Not Applicable,No Defects,Property Damage Crash
Cecil,Daylight,Other,Raining,Other Vehicle,Not Applicable,No Defects,Property Damage Crash
Carroll,Dark No Lights,Single Vehicle,Raining,Overturn,Not Applicable,No Defects,Property Damage Crash
Charles,Daylight,Single Vehicle,Raining,Off Road,Fixed Object,No Defects,Property Damage Crash
Anne Arundel,Dark No Lights,Single Vehicle,Raining,Other Object,Not Applicable,No Defects,Injury Crash
Prince George's,Daylight,Same Movement Angle,Raining,Other Vehicle,Other Vehicle,No Defects,Property Damage Crash
Prince George's,Daylight,Same Direction Rear End,Raining,Other Vehicle,Not Applicable,No Defects,Property Damage Crash
Baltimore,Daylight,Other,Raining,Parked Vehicle,Not Applicable,No Defects,Property Damage Crash
Baltimore City,Dark No Lights,Not Applicable,Raining,Parked Vehicle,Other Vehicle,No Defects,Property Damage Crash
Anne Arundel,Daylight,Head On Left Turn,Raining,Other Vehicle,Other Vehicle,No Defects,Property Damage Crash
Prince George's,Dark Lights On,Other,Raining,Other Vehicle,Not Applicable,No Defects,Property Damage Crash
Baltimore,Daylight,Same Direction Rear End,Raining,Other Vehicle,Other Vehicle,No Defects,Property Damage Crash
Harford,Daylight,Single Vehicle,Raining,Fixed Object,Not Applicable,No Defects,Property Damage Crash
Prince George's,Daylight,Single Vehicle,Raining,Fixed Object,Fixed Object,No Defects,Property Damage Crash
Prince George's,Daylight,Same Direction Sideswipe,Raining,Other Vehicle,Not Applicable,No Defects,Property Damage Crash
Baltimore City,Daylight,Single Vehicle,Clear,Other Vehicle,Not Applicable,No Defects,Injury Crash
Prince George's,Daylight,Same Direction Rear End Left Turn,Not Applicable,Other Vehicle,Not Applicable,No Defects,Injury Crash
Baltimore City,Daylight,Same Direction Rear End,Raining,Other Vehicle,Not Applicable,No Defects,Property Damage Crash
Montgomery,Daylight,Single Vehicle,Raining,Off Road,Not Applicable,No Defects,Property Damage Crash
Charles,Dark Lights On,Same Direction Rear End,Raining,Other Vehicle,Not Applicable,No Defects,Property Damage Crash
Frederick,Daylight,Other,Raining,Animal,Not Applicable,No Defects,Property Damage Crash
Prince George's,Daylight,Same Movement Angle,Not Applicable,Other Vehicle,Other Vehicle,No Defects,Injury Crash
Harford,Daylight,Same Movement Angle,Raining,Other Vehicle,Not Applicable,No Defects,Property Damage Crash
Montgomery,Daylight,Opposite Direction Both Left Turn,Raining,Other Vehicle,Not Applicable,No Defects,Property Damage Crash
Montgomery,Daylight,Same Direction Sideswipe,Raining,Parked Vehicle,Not Applicable,No Defects,Property Damage Crash
Montgomery,Daylight,Single Vehicle,Raining,Fixed Object,Not Applicable,No Defects,Injury Crash
Prince George's,Daylight,Single Vehicle,Raining,Fixed Object,Not Applicable,No Defects,Property Damage Crash
Baltimore City,Daylight,Other,Raining,Other Vehicle,Not Applicable,No Defects,Property Damage Crash
Baltimore City,Daylight,Single Vehicle,Raining,Fixed Object,Not Applicable,No Defects,Injury Crash
Anne Arundel,Daylight,Single Vehicle,Raining,Fixed Object,Not Applicable,No Defects,Injury Crash
Baltimore City,Dark Lights On,Same Movement Angle,Raining,Other Object,Parked Vehicle,No Defects,Property Damage Crash
Baltimore,Daylight,Unknown,Raining,Parked Vehicle,Not Applicable,No Defects,Property Damage Crash
Caroline,Daylight,Single Vehicle,Raining,Animal,Off Road,No Defects,Property Damage Crash
Baltimore,Daylight,Other,Raining,Not Applicable,Not Applicable,No Defects,Property Damage Crash
Baltimore,Daylight,Same Direction Right Turn,Raining,Other Vehicle,Not Applicable,No Defects,Property Damage Crash
Somerset,Daylight,Single Vehicle,Raining,Fixed Object,Not Applicable,No Defects,Property Damage Crash
Washington,Daylight,Same Direction Sideswipe,Not Applicable,Other Vehicle,Fixed Object,Not Applicable,Property Damage Crash
Baltimore,Dark Lights On,Single Vehicle,Raining,Off Road,Fixed Object,No Defects,Injury Crash
Harford,Daylight,Same Direction Rear End,Raining,Other Vehicle,Not Applicable,No Defects,Property Damage Crash
Baltimore,Daylight,Single Vehicle,Not Applicable,Other Object,Fixed Object,No Defects,Property Damage Crash
Wicomico,Daylight,Same Movement Angle,Raining,Other Vehicle,Overturn,No Defects,Injury Crash
Baltimore City,Daylight,Same Direction Rear End,Raining,Other Vehicle,Not Applicable,No Defects,Property Damage Crash
Prince George's,Daylight,Single Vehicle,Not Applicable,Fixed Object,Not Applicable,No Defects,Property Damage Crash
Worcester,Dark No Lights,Single Vehicle,Not Applicable,Fixed Object,Not Applicable,No Defects,Property Damage Crash
Prince George's,Other,Same Movement Angle,Raining,Other Vehicle,Not Applicable,No Defects,Property Damage Crash
Harford,Daylight,Single Vehicle,Raining,Other Object,Not Applicable,No Defects,Property Damage Crash
Charles,Daylight,Single Vehicle,Not Applicable,Fixed Object,Fixed Object,No Defects,Property Damage Crash
Baltimore City,Dark Lights On,Single Vehicle,Raining,Fixed Object,Not Applicable,No Defects,Property Damage Crash
Baltimore,Dark Lights On,Single Vehicle,Raining,Off Road,Fixed Object,No Defects,Property Damage Crash
Baltimore,Dark No Lights,Unknown,Raining,Parked Vehicle,Other Vehicle,No Defects,Property Damage Crash
Charles,Daylight,Single Vehicle,Raining,Off Road,Not Applicable,No Defects,Property Damage Crash
Harford,Daylight,Single Vehicle,Raining,Fixed Object,Not Applicable,No Defects,Property Damage Crash
Baltimore,Daylight,Same Movement Angle,Raining,Other Vehicle,Not Applicable,No Defects,Property Damage Crash
Montgomery,Daylight,Other,Raining,Fixed Object,Other Vehicle,No Defects,Injury Crash
Prince George's,Daylight,Other,Raining,Parked Vehicle,Not Applicable,No Defects,Property Damage Crash
Harford,Daylight,Head On,Raining,Animal,Other Vehicle,No Defects,Property Damage Crash
Frederick,Daylight,Single Vehicle,Raining,Off Road,Not Applicable,No Defects,Property Damage Crash
Baltimore,Daylight,Other,Raining,Other Vehicle,Other Vehicle,No Defects,Property Damage Crash
Prince George's,Daylight,Same Direction Rear End,Raining,Other Vehicle,Not Applicable,No Defects,Property Damage Crash
Montgomery,Daylight,Same Movement Angle,Raining,Other Vehicle,Not Applicable,No Defects,Property Damage Crash
Baltimore City,Dark Lights On,Single Vehicle,Raining,Fixed Object,Not Applicable,Not Applicable,Property Damage Crash
Harford,Daylight,Same Direction Right Turn,Raining,Other Vehicle,Not Applicable,No Defects,Property Damage Crash
Anne Arundel,Daylight,Same Direction Right Turn,Raining,Other Vehicle,Other Vehicle,No Defects,Injury Crash
Dorchester,Daylight,Single Vehicle,Raining,Fixed Object,Other Object,No Defects,Property Damage Crash
Anne Arundel,Daylight,Same Movement Angle,Raining,Other Vehicle,Not Applicable,No Defects,Injury Crash
Calvert,Daylight,Same Movement Angle,Raining,Other Vehicle,Not Applicable,Not Applicable,Injury Crash
Howard,Daylight,Other,Raining,Other Vehicle,Not Applicable,No Defects,Injury Crash
Baltimore City,Daylight,Same Movement Angle,Raining,Other Vehicle,Not Applicable,No Defects,Property Damage Crash
Baltimore City,Dark Lights On,Other,Raining,Other Vehicle,Not Applicable,No Defects,Property Damage Crash
Baltimore,Daylight,Same Direction Rear End,Raining,Other Vehicle,Other Vehicle,No Defects,Injury Crash
Anne Arundel,Daylight,Single Vehicle,Raining,Animal,Not Applicable,No Defects,Property Damage Crash
Queen Anne's,Daylight,Same Direction Rear End,Raining,Other Vehicle,Not Applicable,No Defects,Injury Crash
Prince George's,Daylight,Other,Raining,Parked Vehicle,Other Vehicle,No Defects,Property Damage Crash
Charles,Daylight,Same Direction Rear End,Not Applicable,Other Vehicle,Not Applicable,No Defects,Property Damage Crash
Baltimore City,Daylight,Same Direction Right Turn,Raining,Other Vehicle,Other Vehicle,No Defects,Property Damage Crash
Prince George's,Daylight,Same Movement Angle,Raining,Other Vehicle,Not Applicable,No Defects,Injury Crash
Washington,Daylight,Single Vehicle,Not Applicable,Fixed Object,Not Applicable,No Defects,Property Damage Crash
Prince George's,Daylight,Same Direction Rear End,Raining,Other Vehicle,Other Vehicle,No Defects,Property Damage Crash
Baltimore City,Daylight,Same Direction Rear End,Raining,Other Vehicle,Not Applicable,No Defects,Injury Crash
Baltimore City,Daylight,Same Movement Angle,Raining,Other Vehicle,Other,No Defects,Injury Crash
Prince George's,Dark Lights On,Same Direction Rear End,Raining,Other Vehicle,Other Vehicle,No Defects,Injury Crash
Frederick,Daylight,Same Direction Rear End,Raining,Other Vehicle,Fixed Object,No Defects,Injury Crash
Anne Arundel,Daylight,Same Direction Rear End,Raining,Other Vehicle,Not Applicable,No Defects,Property Damage Crash
Baltimore City,Daylight,Same Direction Right Turn,Raining,Other Vehicle,Not Applicable,No Defects,Injury Crash
Baltimore,Daylight,Same Direction Sideswipe,Raining,Other Vehicle,Not Applicable,No Defects,Property Damage Crash
Anne Arundel,Daylight,Angle Meets Left Turn Head On,Raining,Other Vehicle,Not Applicable,No Defects,Property Damage Crash
Harford,Daylight,Single Vehicle,Raining,Other Non Collision,Not Applicable,No Defects,Property Damage Crash
Prince George's,Daylight,Same Direction Rear End,Raining,Other Vehicle,Not Applicable,No Defects,Injury Crash
Anne Arundel,Daylight,Same Direction Rear End,Raining,Other Vehicle,Not Applicable,No Defects,Injury Crash
Baltimore City,Daylight,Other,Raining,Unknown,Other Object,No Defects,Property Damage Crash
Baltimore City,Daylight,Other,Raining,Fixed Object,Fixed Object,No Defects,Property Damage Crash
Baltimore,Daylight,Single Vehicle,Raining,Animal,Not Applicable,No Defects,Property Damage Crash
Montgomery,Daylight,Single Vehicle,Raining,Pedestrian,Not Applicable,No Defects,Injury Crash
Howard,Daylight,Single Vehicle,Raining,Fixed Object,Overturn,No Defects,Injury Crash
Baltimore,Dark Lights On,Other,Raining,Other Vehicle,Not Applicable,No Defects,Property Damage Crash
Howard,Daylight,Same Movement Angle,Raining,Other Vehicle,Not Applicable,No Defects,Injury Crash
Anne Arundel,Daylight,Same Movement Angle,Other,Other Vehicle,Not Applicable,No Defects,Property Damage Crash
Baltimore,Daylight,Same Direction Rear End,Raining,Other Vehicle,Fixed Object,No Defects,Property Damage Crash
Harford,Dark Lights On,Single Vehicle,Raining,Fixed Object,Not Applicable,No Defects,Property Damage Crash
Frederick,Daylight,Single Vehicle,Not Applicable,Fixed Object,Fixed Object,No Defects,Property Damage Crash
Anne Arundel,Daylight,Other,Raining,Parked Vehicle,Not Applicable,No Defects,Property Damage Crash
Prince George's,Dark Lights On,Single Vehicle,Raining,Fixed Object,Not Applicable,No Defects,Property Damage Crash
Baltimore City,Daylight,Single Vehicle,Raining,Fixed Object,Other Vehicle,Not Applicable,Property Damage Crash
Prince George's,Daylight,Same Movement Angle,Raining,Other Vehicle,Other Vehicle,No Defects,Property Damage Crash
Dorchester,Daylight,Same Direction Rear End,Raining,Other Vehicle,Not Applicable,No Defects,Property Damage Crash
Washington,Daylight,Same Direction Rear End,Raining,Other Vehicle,Parked Vehicle,No Defects,Property Damage Crash
Baltimore,Daylight,Other,Raining,Parked Vehicle,Other Vehicle,No Defects,Property Damage Crash
Prince George's,Daylight,Same Movement Angle,Raining,Parked Vehicle,Not Applicable,No Defects,Property Damage Crash
Wicomico,Daylight,Same Movement Angle,Raining,Other Vehicle,Not Applicable,No Defects,Property Damage Crash
Baltimore,Daylight,Single Vehicle,Not Applicable,Fixed Object,Other Vehicle,No Defects,Property Damage Crash
Baltimore City,Daylight,Other,Raining,Fixed Object,Not Applicable,No Defects,Property Damage Crash
Prince George's,Daylight,Other,Raining,Other Vehicle,Not Applicable,No Defects,Property Damage Crash
Montgomery,Dark Lights On,Other,Clear,Other Vehicle,Not Applicable,No Defects,Property Damage Crash
Prince George's,Daylight,Same Direction Right Turn,Raining,Other Vehicle,Not Applicable,No Defects,Property Damage Crash
Anne Arundel,Daylight,Same Direction Rear End,Raining,Other Vehicle,Other Vehicle,No Defects,Injury Crash
Baltimore,Daylight,Other,Not Applicable,Other Vehicle,Not Applicable,No Defects,Property Damage Crash
Charles,Dark Lights On,Single Vehicle,Raining,Fixed Object,Fixed Object,No Defects,Property Damage Crash
Baltimore,Daylight,Single Vehicle,Raining,Fixed Object,Not Applicable,No Defects,Property Damage Crash
Washington,Daylight,Single Vehicle,Raining,Animal,Not Applicable,No Defects,Property Damage Crash
Baltimore,Daylight,Same Direction Sideswipe,Raining,Other Vehicle,Fixed Object,No Defects,Property Damage Crash
Prince George's,Daylight,Same Movement Angle,Raining,Other Vehicle,Not Applicable,No Defects,Property Damage Crash
Prince George's,Daylight,Same Movement Angle,Raining,Other Vehicle,Not Applicable,No Defects,Property Damage Crash
Anne Arundel,Daylight,Same Direction Rear End,Raining,Other Vehicle,Not Applicable,No Defects,Property Damage Crash
Baltimore City,Daylight,Same Direction Rear End,Raining,Other Vehicle,Not Applicable,No Defects,Property Damage Crash
Harford,Dark Lights On,Other,Raining,Other Vehicle,Parked Vehicle,No Defects,Property Damage Crash
Prince George's,Dark No Lights,Single Vehicle,Raining,Overturn,Fixed Object,"Holes, Ruts, Etc.",Injury Crash
Cecil,Daylight,Single Vehicle,Raining,Fixed Object,Not Applicable,No Defects,Property Damage Crash
Wicomico,Daylight,Same Movement Angle,Raining,Other Vehicle,Not Applicable,No Defects,Property Damage Crash
St. Mary's,Daylight,Same Direction Rear End,Raining,Other Vehicle,Other Vehicle,No Defects,Property Damage Crash
Baltimore,Daylight,Same Direction Rear End,Raining,Other Vehicle,Not Applicable,No Defects,Property Damage Crash
Somerset,Daylight,Single Vehicle,Raining,Off Road,Fixed Object,No Defects,Injury Crash
Frederick,Daylight,Single Vehicle,Raining,Fixed Object,Off Road,No Defects,Property Damage Crash
Baltimore,Daylight,Same Direction Sideswipe,Raining,Parked Vehicle,Not Applicable,No Defects,Property Damage Crash
Baltimore,Daylight,Single Vehicle,Raining,Fixed Object,Not Applicable,No Defects,Injury Crash
Montgomery,Daylight,Head On Left Turn,Raining,Other Vehicle,Not Applicable,No Defects,Injury Crash
Dorchester,Dark Lights On,Head On Left Turn,Raining,Pedestrian,Not Applicable,No Defects,Injury Crash
Anne Arundel,Daylight,Single Vehicle,Raining,Fixed Object,Not Applicable,No Defects,Injury Crash
Montgomery,Daylight,Single Vehicle,Raining,Fixed Object,Not Applicable,No Defects,Property Damage Crash
Carroll,Daylight,Same Direction Rear End,Raining,Other Vehicle,Not Applicable,No Defects,Injury Crash
Baltimore,Daylight,Other,Raining,Parked Vehicle,Not Applicable,No Defects,Property Damage Crash
Anne Arundel,Daylight,Head On Left Turn,Not Applicable,Other Vehicle,Not Applicable,No Defects,Injury Crash
Baltimore,Dark No Lights,Single Vehicle,Raining,Fixed Object,Overturn,No Defects,Injury Crash
Anne Arundel,Daylight,Other,Raining,Other Vehicle,Not Applicable,No Defects,Property Damage Crash
Montgomery,Dark Lights On,Single Vehicle,Raining,Fixed Object,Fixed Object,No Defects,Property Damage Crash
Baltimore,Dark No Lights,Same Direction Rear End,Raining,Other Vehicle,Not Applicable,No Defects,Property Damage Crash
Howard,Daylight,Same Direction Sideswipe,Raining,Other Vehicle,Off Road,No Defects,Property Damage Crash
Prince George's,Dark Lights On,Same Direction Left Turn,Raining,Other Vehicle,Not Applicable,No Defects,Property Damage Crash
Prince George's,Daylight,Single Vehicle,Raining,Fixed Object,Not Applicable,No Defects,Injury Crash
Anne Arundel,Daylight,Same Direction Rear End,Raining,Other Vehicle,Other Vehicle,No Defects,Property Damage Crash
Dorchester,Daylight,Angle Meets Right Turn,Raining,Other Vehicle,Not Applicable,No Defects,Property Damage Crash
Washington,Daylight,Single Vehicle,Raining,Fixed Object,Not Applicable,No Defects,Property Damage Crash
Anne Arundel,Dark Lights On,Same Direction Rear End,Raining,Other Vehicle,Not Applicable,No Defects,Property Damage Crash
Prince George's,Daylight,Same Direction Sideswipe,Raining,Other Vehicle,Not Applicable,Not Applicable,Property Damage Crash
Baltimore City,Daylight,Other,Raining,Parked Vehicle,Not Applicable,No Defects,Property Damage Crash
Prince George's,Dark Lights On,Single Vehicle,Raining,Fixed Object,Not Applicable,No Defects,Property Damage Crash
Prince George's,Dark Lights On,Same Movement Angle,Raining,Not Applicable,Not Applicable,No Defects,Injury Crash
Somerset,Daylight,Single Vehicle,Raining,Off Road,Fixed Object,No Defects,Property Damage Crash
Baltimore City,Daylight,Same Movement Angle,Raining,Other Vehicle,Not Applicable,Unknown,Property Damage Crash
Talbot,Dark Lights On,Same Direction Sideswipe,Raining,Fixed Object,Parked Vehicle,No Defects,Property Damage Crash
Baltimore,Daylight,Other,Raining,Other Vehicle,Fixed Object,No Defects,Injury Crash
Howard,Daylight,Same Direction Rear End,Raining,Other Vehicle,Not Applicable,No Defects,Property Damage Crash
Prince George's,Daylight,Head On Left Turn,Not Applicable,Other Vehicle,Not Applicable,No Defects,Property Damage Crash
Montgomery,Dark Lights On,Single Vehicle,Raining,Fixed Object,Fixed Object,No Defects,Injury Crash
Wicomico,Daylight,Same Movement Angle,Raining,Other Vehicle,Not Applicable,No Defects,Injury Crash
Carroll,Daylight,Single Vehicle,Raining,Fixed Object,Not Applicable,No Defects,Property Damage Crash
Talbot,Dark No Lights,Single Vehicle,Raining,Animal,Not Applicable,No Defects,Property Damage Crash
Anne Arundel,Dark Lights On,Single Vehicle,Raining,Off Road,Fixed Object,No Defects,Property Damage Crash
Baltimore City,Daylight,Same Movement Angle,Raining,Other Vehicle,Not Applicable,No Defects,Property Damage Crash
Frederick,Daylight,Other,Not Applicable,Parked Vehicle,Not Applicable,Not Applicable,Property Damage Crash
Baltimore,Daylight,Single Vehicle,Raining,Fixed Object,Overturn,Not Applicable,Injury Crash
Baltimore,Dark Lights On,Same Direction Right Turn,Raining,Other Vehicle,Other Object,No Defects,Property Damage Crash
Baltimore City,Daylight,Single Vehicle,Raining,Not Applicable,Pedestrian,No Defects,Injury Crash
Queen Anne's,Daylight,Same Direction Rear End,Raining,Other Vehicle,Fixed Object,No Defects,Property Damage Crash
Baltimore City,Daylight,Same Direction Rear End,Raining,Other Vehicle,Not Applicable,No Defects,Property Damage Crash