county_desc,light_desc,collision_type_desc,weather_desc,harm_event_desc1,harm_event_desc2,rd_cond_desc,report_type
Baltimore,Daylight,Single Vehicle,Raining,Other Object,Fixed Object,No Defects,Injury Crash
Washington,Dark Lights On,Single Vehicle,Raining,Fixed Object,Not Applicable,No Defects,Property Damage Crash
Worcester,Daylight,Same Movement Angle,Raining,Other Vehicle,Not Applicable,No Defects,Injury Crash
Montgomery,Daylight,Single Vehicle,Raining,Fixed Object,Not Applicable,No Defects,Property Damage Crash
Dorchester,Daylight,Single Vehicle,Raining,Off Road,Fixed Object,No Defects,Injury Crash
Harford,Daylight,Same Direction Rear End,Raining,Other Vehicle,Not Applicable,No Defects,Property Damage Crash
Anne Arundel,Daylight,Single Vehicle,Raining,Fixed Object,Not Applicable,No Defects,Property Damage Crash
Baltimore City,Daylight,Same Direction Rear End,Not Applicable,Other Vehicle,Other Vehicle,No Defects,Property Damage Crash
Montgomery,Daylight,Other,Clear,Other Vehicle,Fixed Object,No Defects,Injury Crash
Baltimore,Dark Lights On,Same Direction Rear End,Raining,Other Vehicle,Fixed Object,No Defects,Property Damage Crash
Baltimore City,Daylight,Same Movement Angle,Raining,Other Vehicle,Other Vehicle,No Defects,Injury Crash
Baltimore,Daylight,Same Direction Rear End,Not Applicable,Other Vehicle,Not Applicable,No Defects,Injury Crash
Montgomery,Dark Lights On,Other,Not Applicable,Parked Vehicle,Parked Vehicle,No Defects,Property Damage Crash
Howard,Daylight,Same Direction Right Turn,Raining,Other Vehicle,Not Applicable,No Defects,Injury Crash
Charles,Daylight,Single Vehicle,Raining,Fixed Object,Not Applicable,No Defects,Property Damage Crash
Wicomico,Daylight,Same Movement Angle,Raining,Other Vehicle,Fixed Object,No Defects,Injury Crash
Washington,Daylight,Other,Raining,Parked Vehicle,Parked Vehicle,No Defects,Property Damage Crash
Charles,Daylight,Single Vehicle,Raining,Fixed Object,Fixed Object,No Defects,Property Damage Crash
Baltimore,Daylight,Head On,Raining,Parked Vehicle,Not Applicable,No Defects,Property Damage Crash
Prince George's,Daylight,Same Movement Angle,Raining,Other Vehicle,Not Applicable,No Defects,Property Damage Crash
Howard,Daylight,Same Direction Sideswipe,Raining,Other Vehicle,Not Applicable,No Defects,Property Damage Crash
Anne Arundel,Dark Lights On,Same Movement Angle,Raining,Other Vehicle,Other Vehicle,No Defects,Property Damage Crash
Prince George's,Daylight,Same Direction Right Turn,Raining,Other Vehicle,Not Applicable,No Defects,Property Damage Crash
Washington,Dark No Lights,Same Direction Rear End,Raining,Other Vehicle,Not Applicable,No Defects,Property Damage Crash
Montgomery,Daylight,Same Direction Sideswipe,Raining,Other Vehicle,Not Applicable,No Defects,Property Damage Crash
Prince George's,Daylight,Other,Raining,Parked Vehicle,Not Applicable,No Defects,Property Damage Crash
Baltimore City,Dark Lights On,Same Direction Rear End,Raining,Parked Vehicle,Not Applicable,No Defects,Property Damage Crash
Prince George's,Dark Lights On,Other,Raining,Other Object,Other Vehicle,No Defects,Property Damage Crash
Prince George's,Daylight,Same Direction Rear End,Raining,Parked Vehicle,Not Applicable,No Defects,Property Damage Crash
Baltimore,Dark Lights On,Opposite Direction Sideswipe,Not Applicable,Parked Vehicle,Parked Vehicle,No Defects,Property Damage Crash
Montgomery,Daylight,Angle Meets Right Turn,Raining,Other Vehicle,Other Vehicle,No Defects,Property Damage Crash
Prince George's,Daylight,Single Vehicle,Raining,Off Road,Fixed Object,Not Applicable,Injury Crash
Baltimore,Daylight,Other,Raining,Other Vehicle,Not Applicable,No Defects,Property Damage Crash
Talbot,Daylight,Head On,Raining,Other Vehicle,Not Applicable,No Defects,Property Damage Crash
St. Mary's,Daylight,Single Vehicle,Raining,Fixed Object,Off Road,No Defects,Injury Crash
Charles,Daylight,Same Direction Sideswipe,Raining,Other Vehicle,Other Vehicle,No Defects,Injury Crash
Charles,Daylight,Other,Raining,Other Vehicle,Parked Vehicle,No Defects,Property Damage Crash
Baltimore,Dark Lights On,Other,Raining,Parked Vehicle,Not Applicable,No Defects,Property Damage Crash
Anne Arundel,Daylight,Head On Left Turn,Raining,Other Vehicle,Not Applicable,No Defects,Property Damage Crash
Cecil,Daylight,Single Vehicle,Raining,Fixed Object,Off Road,Loose Surface Material,Injury Crash
Charles,Dark No Lights,Single Vehicle,Raining,Animal,Not Applicable,No Defects,Property Damage Crash
Worcester,Daylight,Same Direction Rear End,Raining,Other Vehicle,Not Applicable,No Defects,Injury Crash
Carroll,Dark Lights On,Single Vehicle,Raining,Off Road,Fixed Object,No Defects,Property Damage Crash
Baltimore City,Daylight,Same Direction Sideswipe,Raining,Other Vehicle,Not Applicable,No Defects,Property Damage Crash
Prince George's,Daylight,Single Vehicle,Raining,Other Object,Not Applicable,No Defects,Property Damage Crash
Kent,Daylight,Single Vehicle,Raining,Off Road,Fixed Object,No Defects,Injury Crash
Talbot,Daylight,Single Vehicle,Raining,Fixed Object,Not Applicable,No Defects,Property Damage Crash
Montgomery,Daylight,Same Direction Sideswipe,Raining,Other Vehicle,Fixed Object,No Defects,Injury Crash
Caroline,Daylight,Single Vehicle,Raining,Explosion or Fire,Not Applicable,No Defects,Property Damage Crash
Baltimore City,Daylight,Same Direction Sideswipe,Raining,Parked Vehicle,Parked Vehicle,No Defects,Property Damage Crash
Baltimore,Daylight,Single Vehicle,Raining,Off Road,Fixed Object,No Defects,Property Damage Crash
Anne Arundel,Daylight,Same Direction Rear End,Raining,Other Vehicle,Not Applicable,No Defects,Property Damage Crash
Harford,Daylight,Same Movement Angle,Raining,Other Vehicle,Other Vehicle,No Defects,Property Damage Crash
Montgomery,Dark No Lights,Single Vehicle,Raining,Off Road,Fixed Object,No Defects,Property Damage Crash
Queen Anne's,Dark No Lights,Single Vehicle,Raining,Animal,Not Applicable,No Defects,Property Damage Crash
Wicomico,Daylight,Single Vehicle,Raining,Off Road,Fixed Object,No Defects,Injury Crash
Anne Arundel,Daylight,Single Vehicle,Raining,Fixed Object,Not Applicable,No Defects,Property Damage Crash
Cecil,Daylight,Other,Clear,Other Vehicle,Not Applicable,No Defects,Property Damage Crash
Frederick,Daylight,Single Vehicle,Raining,Fixed Object,Other Vehicle,No Defects,Property Damage Crash
Worcester,Daylight,Head On Left Turn,Raining,Other Vehicle,Not Applicable,No Defects,Injury Crash
Cecil,Daylight,Head On,Raining,Other Vehicle,Other Vehicle,No Defects,Injury Crash
Baltimore City,Dark Lights On,Same Direction Rear End,Raining,Other Vehicle,Other Vehicle,No Defects,Injury Crash
St. Mary's,Daylight,Same Direction Rear End,Raining,Other Vehicle,Other Vehicle,No Defects,Property Damage Crash
Carroll,Daylight,Other,Raining,Fixed Object,Not Applicable,No Defects,Property Damage Crash
Harford,Daylight,Other,Raining,Other Vehicle,Other Vehicle,No Defects,Property Damage Crash
Worcester,Daylight,Single Vehicle,Raining,Other Non Collision,Fell Jumped from Motor Vehicle,No Defects,Injury Crash
Frederick,Daylight,Single Vehicle,Raining,Other Object,Not Applicable,No Defects,Property Damage Crash
Prince George's,Dark Lights On,Single Vehicle,Raining,Animal,Not Applicable,No Defects,Property Damage Crash
Charles,Daylight,Single Vehicle,Raining,Off Road,Fixed Object,No Defects,Property Damage Crash
Howard,Daylight,Single Vehicle,Raining,Fixed Object,Not Applicable,No Defects,Property Damage Crash
Baltimore City,Daylight,Same Direction Sideswipe,Raining,Other Vehicle,Parked Vehicle,No Defects,Property Damage Crash
Baltimore City,Dark Lights On,Other,Raining,Parked Vehicle,Not Applicable,No Defects,Property Damage Crash
Washington,Daylight,Same Direction Rear End,Raining,Parked Vehicle,Parked Vehicle,No Defects,Property Damage Crash
Baltimore,Daylight,Other,Raining,Fell Jumped from Motor Vehicle,Not Applicable,No Defects,Injury Crash
Prince George's,Not Applicable,Same Direction Rear End,Not Applicable,Other Vehicle,Other Vehicle,No Defects,Property Damage Crash
Washington,Dark Lights On,Same Movement Angle,Raining,Parked Vehicle,Not Applicable,No Defects,Property Damage Crash
Baltimore,Dark Lights On,Not Applicable,Raining,Explosion or Fire,Not Applicable,No Defects,Property Damage Crash
Prince George's,Daylight,Same Movement Angle,Raining,Other Vehicle,Not Applicable,No Defects,Property Damage Crash
Baltimore,Daylight,Same Movement Angle,Raining,Other Vehicle,Not Applicable,No Defects,Property Damage Crash
Anne Arundel,Daylight,Single Vehicle,Raining,Fixed Object,Not Applicable,No Defects,Property Damage Crash
Baltimore City,Dark Lights On,Other,Raining,Parked Vehicle,Parked Vehicle,No Defects,Property Damage Crash
Baltimore,Daylight,Same Movement Angle,Raining,Other Vehicle,Not Applicable,No Defects,Injury Crash
Charles,Dark No Lights,Other,Raining,Pedestrian,Not Applicable,No Defects,Injury Crash
Prince George's,Dark Lights On,Same Direction Rear End,Raining,Other Vehicle,Other Vehicle,No Defects,Property Damage Crash
Montgomery,Dark Lights On,Head On Left Turn,Raining,Other Vehicle,Not Applicable,No Defects,Injury Crash
Baltimore City,Daylight,Other,Raining,Other Vehicle,Not Applicable,No Defects,Injury Crash
Prince George's,Dark Lights On,Same Direction Rear End,Raining,Not Applicable,Not Applicable,No Defects,Property Damage Crash
Prince George's,Daylight,Same Direction Rear End,Raining,Other Vehicle,Other Vehicle,No Defects,Property Damage Crash
Cecil,Daylight,Single Vehicle,Foggy,Fixed Object,Fixed Object,No Defects,Property Damage Crash
St. Mary's,Daylight,Single Vehicle,Raining,Fixed Object,Not Applicable,No Defects,Property Damage Crash
Baltimore City,Daylight,Single Vehicle,Not Applicable,Other Vehicle,Not Applicable,No Defects,Property Damage Crash
Baltimore City,Daylight,Other,Raining,Other Vehicle,Other Vehicle,No Defects,Property Damage Crash
Anne Arundel,Daylight,Single Vehicle,Raining,Pedestrian,Not Applicable,No Defects,Injury Crash
Baltimore City,Dark Lights On,Angle Meets Right Turn,Raining,Other Vehicle,Other Vehicle,No Defects,Property Damage Crash
Montgomery,Daylight,Same Direction Right Turn,Raining,Parked Vehicle,Not Applicable,No Defects,Property Damage Crash
Baltimore City,Dark Lights On,Same Movement Angle,Raining,Bicycle,Not Applicable,No Defects,Injury Crash
Prince George's,Daylight,Single Vehicle,Raining,Fixed Object,Not Applicable,No Defects,Property Damage Crash
Baltimore City,Dark Lights On,Other,Not Applicable,Not Applicable,Not Applicable,Not Applicable,Property Damage Crash
Worcester,Daylight,Single Vehicle,Raining,Fixed Object,Not Applicable,No Defects,Property Damage Crash
Anne Arundel,Daylight,Angle Meets Left Turn Head On,Raining,Other Vehicle,Other Vehicle,No Defects,Property Damage Crash
Worcester,Daylight,Angle Meets Right Turn,Raining,Other Vehicle,Not Applicable,No Defects,Property Damage Crash
Kent,Daylight,Single Vehicle,Raining,Off Road,Fixed Object,Loose Surface Material,Injury Crash
Prince George's,Dark Lights On,Same Direction Left Turn,Raining,Other Vehicle,Other Vehicle,No Defects,Property Damage Crash
Prince George's,Daylight,Same Movement Angle,Raining,Other Vehicle,Not Applicable,No Defects,Property Damage Crash
Prince George's,Daylight,Single Vehicle,Raining,Fixed Object,Not Applicable,No Defects,Property Damage Crash
Washington,Daylight,Same Movement Angle,Raining,Other Vehicle,Fixed Object,No Defects,Property Damage Crash
Charles,Dark Lights On,Other,Raining,Other Vehicle,Not Applicable,No Defects,Property Damage Crash
Montgomery,Daylight,Same Direction Rear End,Raining,Other Vehicle,Not Applicable,No Defects,Property Damage Crash
Prince George's,Daylight,Single Vehicle,Raining,Fixed Object,Fixed Object,No Defects,Injury Crash
Wicomico,Daylight,Single Vehicle,Raining,Fixed Object,Not Applicable,No Defects,Injury Crash
Worcester,Dark Lights On,Single Vehicle,Raining,Fixed Object,Not Applicable,No Defects,Property Damage Crash
Charles,Daylight,Single Vehicle,Raining,Overturn,Not Applicable,No Defects,Property Damage Crash
Queen Anne's,Dark Lights On,Opposite Direction Sideswipe,Raining,Other Vehicle,Not Applicable,No Defects,Property Damage Crash
Baltimore City,Daylight,Same Movement Angle,Raining,Other Vehicle,Not Applicable,No Defects,Injury Crash
Baltimore City,Daylight,Single Vehicle,Raining,Not Applicable,Other,No Defects,Injury Crash
Baltimore,Dark Lights On,Same Direction Rear End,Raining,Parked Vehicle,Parked Vehicle,No Defects,Property Damage Crash
Wicomico,Dark No Lights,Single Vehicle,Raining,Not Applicable,Not Applicable,No Defects,Property Damage Crash
Prince George's,Daylight,Same Direction Rear End,Raining,Other Vehicle,Not Applicable,No Defects,Injury Crash
Queen Anne's,Daylight,Same Direction Sideswipe,Raining,Other Vehicle,Not Applicable,No Defects,Property Damage Crash
Baltimore,Dark Lights On,Same Direction Rear End,Raining,Other Vehicle,Other Vehicle,No Defects,Property Damage Crash
Baltimore,Daylight,Same Direction Sideswipe,Raining,Other Vehicle,Not Applicable,No Defects,Property Damage Crash
Prince George's,Dark Lights On,Same Direction Rear End,Not Applicable,Other Vehicle,Not Applicable,No Defects,Property Damage Crash
St. Mary's,Daylight,Same Movement Angle,Raining,Other Vehicle,Not Applicable,No Defects,Property Damage Crash
Charles,Dark Lights On,Same Direction Sideswipe,Raining,Parked Vehicle,Not Applicable,No Defects,Property Damage Crash
Baltimore,Daylight,Same Direction Sideswipe,Cloudy,Other Vehicle,Not Applicable,No Defects,Property Damage Crash
Baltimore City,Daylight,Other,Raining,Pedestrian,Not Applicable,No Defects,Injury Crash
Baltimore City,Dark Lights On,Head On Left Turn,Raining,Other Vehicle,Not Applicable,No Defects,Injury Crash
Cecil,Daylight,Same Direction Sideswipe,Raining,Other Vehicle,Not Applicable,No Defects,Property Damage Crash
Montgomery,Dark Lights On,Same Direction Rear End,Raining,Parked Vehicle,Not Applicable,No Defects,Injury Crash
Prince George's,Daylight,Other,Raining,Parked Vehicle,Not Applicable,No Defects,Property Damage Crash
Anne Arundel,Dark Lights On,Single Vehicle,Raining,Fixed Object,Overturn,No Defects,Property Damage Crash
Prince George's,Dark Lights On,Same Direction Rear End,Raining,Other Vehicle,Other Vehicle,No Defects,Property Damage Crash
Charles,Daylight,Same Movement Angle,Raining,Other Vehicle,Not Applicable,No Defects,Property Damage Crash
Washington,Daylight,Other,Raining,Parked Vehicle,Not Applicable,No Defects,Property Damage Crash
Carroll,Daylight,Single Vehicle,Raining,Fixed Object,Fixed Object,No Defects,Property Damage Crash
Baltimore,Daylight,Unknown,Raining,Unknown,Not Applicable,No Defects,Property Damage Crash
Baltimore,Daylight,Unknown,Raining,Unknown,Unknown,No Defects,Property Damage Crash
Baltimore City,Dark Lights On,Same Direction Rear End,Raining,Other Vehicle,Other Vehicle,No Defects,Property Damage Crash
Carroll,Daylight,Same Direction Rear End,Raining,Other Vehicle,Not Applicable,No Defects,Property Damage Crash
Washington,Unknown,Unknown,Unknown,Unknown,Unknown,No Defects,Property Damage Crash
Cecil,Dark Lights On,Single Vehicle,Raining,Fixed Object,Not Applicable,No Defects,Property Damage Crash
Prince George's,Dark Lights On,Same Movement Angle,Snow,Other Vehicle,Not Applicable,No Defects,Property Damage Crash
St. Mary's,Daylight,Same Direction Rear End,Raining,Other Vehicle,Not Applicable,No Defects,Property Damage Crash
Baltimore,Daylight,Unknown,Raining,Parked Vehicle,Not Applicable,No Defects,Property Damage Crash
Prince George's,Daylight,Same Direction Rear End,Raining,Other Vehicle,Not Applicable,No Defects,Property Damage Crash
Prince George's,Daylight,Same Direction Rear End,Raining,Other Vehicle,Not Applicable,No Defects,Property Damage Crash
Baltimore,Daylight,Single Vehicle,Raining,Fixed Object,Fixed Object,Not Applicable,Property Damage Crash
Cecil,Daylight,Single Vehicle,Not Applicable,Fixed Object,Not Applicable,No Defects,Property Damage Crash
Prince George's,Daylight,Same Direction Rear End,Raining,Other Vehicle,Not Applicable,No Defects,Property Damage Crash
Anne Arundel,Daylight,Same Movement Angle,Raining,Other Vehicle,Fixed Object,No Defects,Property Damage Crash
Prince George's,Dark Lights On,Single Vehicle,Raining,Fell Jumped from Motor Vehicle,Fixed Object,No Defects,Injury Crash
Baltimore,Dark Lights On,Same Direction Right Turn,Raining,Other Vehicle,Fixed Object,No Defects,Property Damage Crash
Prince George's,Dark Lights On,Same Direction Sideswipe,Raining,Other Vehicle,Fixed Object,No Defects,Property Damage Crash
Baltimore City,Daylight,Same Direction Rear End,Not Applicable,Other Vehicle,Not Applicable,No Defects,Property Damage Crash
Baltimore City,Not Applicable,Other,Not Applicable,Other Vehicle,Parked Vehicle,No Defects,Property Damage Crash
Calvert,Daylight,Same Direction Rear End,Raining,Other Vehicle,Not Applicable,No Defects,Injury Crash
Montgomery,Daylight,Same Direction Rear End Right Turn,Raining,Other Vehicle,Not Applicable,No Defects,Property Damage Crash
Baltimore,Daylight,Angle Meets Left Turn,Raining,Other Vehicle,Other Vehicle,No Defects,Property Damage Crash
Baltimore City,Dark Lights On,Same Direction Rear End,Not Applicable,Other Vehicle,Fixed Object,No Defects,Injury Crash
Howard,Daylight,Same Movement Angle,Raining,Other Vehicle,Not Applicable,No Defects,Property Damage Crash
Baltimore,Daylight,Same Direction Rear End,Raining,Other Vehicle,Not Applicable,No Defects,Property Damage Crash
Charles,Daylight,Same Movement Angle,Raining,Other Vehicle,Other Vehicle,No Defects,Injury Crash
Baltimore City,Dark No Lights,Angle Meets Left Turn,Raining,Other Vehicle,Other Vehicle,No Defects,Injury Crash
Baltimore City,Daylight,Same Movement Angle,Raining,Other Vehicle,Other Vehicle,No Defects,Injury Crash
Queen Anne's,Daylight,Single Vehicle,Raining,Fixed Object,Not Applicable,Not Applicable,Injury Crash
Baltimore City,Daylight,Other,Raining,Not Applicable,Other Vehicle,No Defects,Injury Crash
Baltimore,Daylight,Same Direction Right Turn,Raining,Other Vehicle,Not Applicable,No Defects,Property Damage Crash
Washington,Daylight,Single Vehicle,Raining,Other Object,Not Applicable,No Defects,Property Damage Crash
Baltimore City,Daylight,Same Direction Sideswipe,Raining,Other Vehicle,Parked Vehicle,No Defects,Injury Crash
Anne Arundel,Daylight,Head On Left Turn,Raining,Other Vehicle,Not Applicable,No Defects,Property Damage Crash
Montgomery,Daylight,Same Direction Rear End,Raining,Other Vehicle,Not Applicable,No Defects,Property Damage Crash
Carroll,Daylight,Same Direction Rear End,Raining,Other Vehicle,Not Applicable,No Defects,Property Damage Crash
Kent,Daylight,Single Vehicle,Raining,Off Road,Fixed Object,No Defects,Property Damage Crash
Montgomery,Daylight,Single Vehicle,Raining,Fixed Object,Not Applicable,No Defects,Property Damage Crash
Prince George's,Dark Lights On,Same Direction Rear End,Raining,Other Vehicle,Not Applicable,No Defects,Property Damage Crash
Prince George's,Daylight,Single Vehicle,Raining,Not Applicable,Not Applicable,No Defects,Injury Crash
Baltimore,Daylight,Single Vehicle,Raining,Fixed Object,Not Applicable,No Defects,Injury Crash
Prince George's,Daylight,Same Direction Rear End,Raining,Other Vehicle,Other Vehicle,No Defects,Property Damage Crash
Baltimore,Dark Lights On,Same Movement Angle,Not Applicable,Other Vehicle,Parked Vehicle,No Defects,Property Damage Crash
Prince George's,Daylight,Same Movement Angle,Not Applicable,Other Vehicle,Overturn,No Defects,Property Damage Crash
Prince George's,Daylight,Same Direction Rear End Left Turn,Raining,Other Vehicle,Not Applicable,No Defects,Property Damage Crash
Anne Arundel,Daylight,Single Vehicle,Raining,Fixed Object,Not Applicable,No Defects,Property Damage Crash
Baltimore City,Daylight,Head On,Raining,Parked Vehicle,Not Applicable,No Defects,Property Damage Crash
Baltimore,Daylight,Single Vehicle,Foggy,Other Non Collision,Off Road,No Defects,Property Damage Crash
Baltimore City,Daylight,Same Direction Right Turn,Raining,Other Vehicle,Other Vehicle,No Defects,Property Damage Crash
Baltimore,Daylight,Same Direction Rear End,Raining,Other Vehicle,Other Vehicle,No Defects,Property Damage Crash
Baltimore,Daylight,Same Direction Right Turn,Raining,Other Vehicle,Not Applicable,No Defects,Property Damage Crash
Frederick,Daylight,Other,Raining,Pedestrian,Not Applicable,No Defects,Injury Crash
Baltimore City,Dark Lights On,Single Vehicle,Raining,Other Non Collision,Not Applicable,No Defects,Injury Crash
Baltimore,Daylight,Single Vehicle,Raining,Animal,Animal,No Defects,Property Damage Crash
Anne Arundel,Daylight,Same Direction Sideswipe,Raining,Other Vehicle,Fixed Object,No Defects,Property Damage Crash
Prince George's,Daylight,Other,Raining,Other Vehicle,Not Applicable,No Defects,Property Damage Crash
Baltimore City,Daylight,Same Movement Angle,Raining,Parked Vehicle,Other Vehicle,No Defects,Property Damage Crash
Baltimore,Daylight,Other,Raining,Overturn,Parked Vehicle,Not Applicable,Property Damage Crash
Baltimore,Daylight,Same Direction Rear End,Not Applicable,Other Vehicle,Other Vehicle,No Defects,Injury Crash
Baltimore,Daylight,Single Vehicle,Raining,Fixed Object,Not Applicable,No Defects,Property Damage Crash
Prince George's,Daylight,Single Vehicle,Raining,Animal,Not Applicable,No Defects,Property Damage Crash
Baltimore City,Dark Lights On,Head On Left Turn,Raining,Other Vehicle,Not Applicable,No Defects,Injury Crash
St. Mary's,Daylight,Same Movement Angle,Raining,Other Vehicle,Not Applicable,No Defects,Injury Crash
Prince George's,Daylight,Same Direction Rear End,Raining,Other Vehicle,Not Applicable,No Defects,Property Damage Crash
Charles,Daylight,Same Direction Rear End,Raining,Other Vehicle,Not Applicable,No Defects,Property Damage Crash
Baltimore City,Daylight,Same Direction Rear End,Raining,Other Vehicle,Not Applicable,No Defects,Property Damage Crash
Prince George's,Daylight,Same Direction Rear End,Raining,Other Vehicle,Other Vehicle,No Defects,Property Damage Crash
Charles,Daylight,Single Vehicle,Raining,Off Road,Not Applicable,No Defects,Property Damage Crash
Baltimore,Dark Lights On,Single Vehicle,Raining,Off Road,Fixed Object,No Defects,Property Damage Crash
Montgomery,Daylight,Single Vehicle,Raining,Fixed Object,Not Applicable,No Defects,Property Damage Crash
Howard,Daylight,Single Vehicle,Raining,Off Road,Not Applicable,No Defects,Injury Crash
Prince George's,Daylight,Head On Left Turn,Raining,Other Vehicle,Other Vehicle,No Defects,Property Damage Crash
Baltimore City,Daylight,Same Direction Rear End,Raining,Other Vehicle,Not Applicable,No Defects,Injury Crash
Charles,Unknown,Unknown,Unknown,Parked Vehicle,Not Applicable,No Defects,Property Damage Crash
Talbot,Daylight,Same Direction Rear End,Raining,Other Vehicle,Other Vehicle,No Defects,Property Damage Crash
Charles,Daylight,Head On Left Turn,Raining,Other Vehicle,Not Applicable,No Defects,Injury Crash
Prince George's,Daylight,Same Direction Rear End,Raining,Other Vehicle,Other Vehicle,No Defects,Injury Crash
Baltimore,Dark Lights On,Same Direction Rear End,Raining,Parked Vehicle,Not Applicable,No Defects,Property Damage Crash
Garrett,Dark Lights On,Other,Raining,Parked Vehicle,Not Applicable,No Defects,Property Damage Crash
Baltimore City,Not Applicable,Same Direction Rear End,Not Applicable,Other Vehicle,Other Vehicle,No Defects,Injury Crash
Baltimore,Daylight,Same Movement Angle,Raining,Other Vehicle,Other Vehicle,No Defects,Injury Crash
Prince George's,Daylight,Same Direction Rear End,Raining,Other Vehicle,Not Applicable,No Defects,Injury Crash
Prince George's,Daylight,Same Direction Sideswipe,Raining,Other Vehicle,Overturn,No Defects,Property Damage Crash
Charles,Daylight,Single Vehicle,Raining,Fixed Object,Fixed Object,No Defects,Property Damage Crash
Cecil,Dark No Lights,Other,Not Applicable,Other Vehicle,Not Applicable,No Defects,Property Damage Crash
Prince George's,Daylight,Same Movement Angle,Raining,Other Vehicle,Not Applicable,No Defects,Property Damage Crash
Baltimore City,Daylight,Other,Raining,Other Vehicle,Other Vehicle,No Defects,Property Damage Crash
Calvert,Daylight,Same Direction Rear End,Raining,Other Vehicle,Not Applicable,No Defects,Property Damage Crash
Baltimore City,Daylight,Same Movement Angle,Raining,Other Vehicle,Not Applicable,No Defects,Injury Crash
Montgomery,Daylight,Other,Raining,Pedestrian,Not Applicable,No Defects,Injury Crash
Baltimore City,Daylight,Same Movement Angle,Raining,Other Vehicle,Not Applicable,No Defects,Property Damage Crash
Montgomery,Dark Lights On,Same Movement Angle,Raining,Other Vehicle,Not Applicable,No Defects,Property Damage Crash
Baltimore City,Daylight,Head On,Raining,Other Vehicle,Other Vehicle,No Defects,Property Damage Crash
Prince George's,Dark Lights On,Single Vehicle,Raining,Animal,Not Applicable,No Defects,Property Damage Crash
Prince George's,Daylight,Same Movement Angle,Raining,Parked Vehicle,Not Applicable,No Defects,Property Damage Crash
Prince George's,Daylight,Other,Not Applicable,Other Vehicle,Not Applicable,No Defects,Property Damage Crash
Cecil,Daylight,Other,Raining,Other Vehicle,Not Applicable,No Defects,Property Damage Crash
Prince George's,Daylight,Same Direction Right Turn,Raining,Other Vehicle,Not Applicable,"Holes, Ruts, Etc.",Property Damage Crash
Charles,Daylight,Single Vehicle,Raining,Off Road,Fixed Object,No Defects,Property Damage Crash
Baltimore City,Daylight,Same Movement Angle,Raining,Pedestrian,Parked Vehicle,No Defects,Injury Crash
Anne Arundel,Daylight,Same Direction Rear End,Raining,Other Vehicle,Parked Vehicle,No Defects,Property Damage Crash
Washington,Dark Lights On,Same Direction Rear End Left Turn,Raining,Other Vehicle,Not Applicable,No Defects,Injury Crash
Charles,Dark No Lights,Single Vehicle,Raining,Fixed Object,Not Applicable,No Defects,Injury Crash
Montgomery,Daylight,Other,Raining,Parked Vehicle,Parked Vehicle,No Defects,Property Damage Crash
Baltimore City,Daylight,Same Movement Angle,Not Applicable,Other Object,Other Pedalcycle,No Defects,Injury Crash
Baltimore City,Dark Lights On,Head On,Raining,Other Vehicle,Parked Vehicle,No Defects,Property Damage Crash
Prince George's,Dark No Lights,Same Direction Left Turn,Raining,Other Vehicle,Not Applicable,No Defects,Property Damage Crash
Prince George's,Dark Lights On,Single Vehicle,Raining,Fixed Object,Not Applicable,No Defects,Property Damage Crash
Prince George's,Dark Lights On,Same Direction Left Turn,Raining,Other Vehicle,Not Applicable,No Defects,Property Damage Crash
Frederick,Daylight,Same Direction Rear End,Raining,Other Vehicle,Not Applicable,No Defects,Injury Crash
Baltimore,Daylight,Other,Raining,Parked Vehicle,Not Applicable,No Defects,Property Damage Crash
Howard,Dark Lights On,Single Vehicle,Raining,Fixed Object,Overturn,No Defects,Injury Crash
Montgomery,Daylight,Same Direction Rear End,Raining,Other Vehicle,Not Applicable,No Defects,Property Damage Crash
Anne Arundel,Daylight,Same Movement Angle,Raining,Other Vehicle,Not Applicable,No Defects,Property Damage Crash
Baltimore,Daylight,Same Direction Rear End,Raining,Other Vehicle,Not Applicable,No Defects,Property Damage Crash
Talbot,Dark No Lights,Single Vehicle,Raining,Other Non Collision,Not Applicable,No Defects,Property Damage Crash
Frederick,Daylight,Single Vehicle,Raining,Units Separated,Not Applicable,No Defects,Injury Crash
Montgomery,Daylight,Single Vehicle,Raining,Fixed Object,Not Applicable,No Defects,Property Damage Crash
Baltimore City,Daylight,Same Movement Angle,Raining,Other Vehicle,Other Vehicle,No Defects,Injury Crash
Charles,Daylight,Same Direction Rear End,Raining,Other Vehicle,Not Applicable,No Defects,Property Damage Crash
Anne Arundel,Daylight,Single Vehicle,Raining,Fixed Object,Not Applicable,No Defects,Injury Crash
Baltimore City,Daylight,Other,Raining,Not Applicable,Not Applicable,No Defects,Property Damage Crash
Baltimore City,Daylight,Same Movement Angle,Raining,Other Vehicle,Not Applicable,No Defects,Injury Crash
Prince George's,Daylight,Same Movement Angle,Raining,Other Vehicle,Not Applicable,No Defects,Property Damage Crash
Prince George's,Not Applicable,Same Direction Rear End,Raining,Other Vehicle,Not Applicable,No Defects,Property Damage Crash