county_desc,light_desc,collision_type_desc,weather_desc,harm_event_desc1,harm_event_desc2,rd_cond_desc,report_type
Baltimore City,Daylight,Same Movement Angle,Raining,Other Vehicle,Not Applicable,No Defects,Injury Crash
Prince George's,Daylight,Head On Left Turn,Raining,Other Vehicle,Other Vehicle,No Defects,Property Damage Crash
Howard,Daylight,Other,Raining,Other Vehicle,Fixed Object,No Defects,Property Damage Crash
Baltimore,Not Applicable,Single Vehicle,Raining,Not Applicable,Not Applicable,No Defects,Property Damage Crash
Prince George's,Daylight,Same Direction Rear End,Raining,Other Vehicle,Other Vehicle,No Defects,Property Damage Crash
Carroll,Daylight,Same Direction Rear End,Raining,Other Vehicle,Other Vehicle,No Defects,Property Damage Crash
Calvert,Daylight,Same Movement Angle,Raining,Other Vehicle,Not Applicable,No Defects,Property Damage Crash
Prince George's,Daylight,Other,Raining,Other Vehicle,Not Applicable,No Defects,Property Damage Crash
Baltimore,Daylight,Other,Raining,Other Vehicle,Not Applicable,No Defects,Injury Crash
Baltimore,Dark Lights On,Other,Raining,Parked Vehicle,Not Applicable,No Defects,Property Damage Crash
Prince George's,Daylight,Single Vehicle,Raining,Fixed Object,Not Applicable,No Defects,Property Damage Crash
Baltimore,Dark Lights On,Other,Raining,Parked Vehicle,Parked Vehicle,No Defects,Property Damage Crash
Carroll,Daylight,Same Direction Right Turn,Raining,Other Vehicle,Fixed Object,No Defects,Property Damage Crash
Caroline,Daylight,Same Direction Right Turn,Raining,Other Vehicle,Not Applicable,No Defects,Property Damage Crash
Caroline,Daylight,Other,Raining,Pedestrian,Not Applicable,No Defects,Injury Crash
Howard,Daylight,Not Applicable,Raining,Fixed Object,Not Applicable,No Defects,Property Damage Crash
Charles,Dark No Lights,Same Direction Rear End,Not Applicable,Other Vehicle,Not Applicable,No Defects,Injury Crash
Prince George's,Daylight,Other,Not Applicable,Fixed Object,Parked Vehicle,No Defects,Property Damage Crash
Baltimore City,Daylight,Other,Raining,Other Vehicle,Not Applicable,No Defects,Property Damage Crash
Baltimore,Dark Lights On,Head On Left Turn,Raining,Other Vehicle,Fixed Object,No Defects,Injury Crash
Baltimore,Daylight,Head On,Raining,Other Vehicle,Parked Vehicle,No Defects,Property Damage Crash
Montgomery,Daylight,Same Direction Rear End Right Turn,Raining,Other Vehicle,Not Applicable,No Defects,Injury Crash
Dorchester,Daylight,Same Direction Sideswipe,Raining,Other Vehicle,Other Vehicle,No Defects,Property Damage Crash
Prince George's,Daylight,Same Direction Sideswipe,Raining,Other Vehicle,Not Applicable,No Defects,Property Damage Crash
Charles,Daylight,Same Direction Rear End,Raining,Other Vehicle,Not Applicable,No Defects,Property Damage Crash
Harford,Daylight,Same Direction Rear End,Raining,Other Vehicle,Not Applicable,No Defects,Injury Crash
Baltimore City,Daylight,Same Movement Angle,Not Applicable,Other Vehicle,Other Vehicle,No Defects,Property Damage Crash
Montgomery,Dark No Lights,Single Vehicle,Severe Winds,Other Vehicle,Not Applicable,No Defects,Property Damage Crash
Prince George's,Daylight,Same Direction Sideswipe,Raining,Other Vehicle,Fixed Object,No Defects,Property Damage Crash
Baltimore City,Daylight,Other,Raining,Other Vehicle,Other Vehicle,No Defects,Property Damage Crash
Prince George's,Daylight,Same Direction Rear End,Not Applicable,Other Vehicle,Fell Jumped from Motor Vehicle,No Defects,Injury Crash
Baltimore City,Daylight,Unknown,Raining,Parked Vehicle,Parked Vehicle,No Defects,Property Damage Crash
Allegany,Daylight,Other,Not Applicable,Parked Vehicle,Not Applicable,No Defects,Property Damage Crash
Allegany,Daylight,Single Vehicle,Raining,Fixed Object,Fixed Object,No Defects,Property Damage Crash
Howard,Dark Lights On,Single Vehicle,Raining,Not Applicable,Not Applicable,No Defects,Property Damage Crash
Prince George's,Daylight,Same Direction Rear End Left Turn,Raining,Other Vehicle,Other Vehicle,No Defects,Property Damage Crash
Baltimore,Daylight,Same Direction Sideswipe,Raining,Other Vehicle,Other Vehicle,No Defects,Property Damage Crash
Anne Arundel,Not Applicable,Same Movement Angle,Raining,Other Vehicle,Other Vehicle,No Defects,Property Damage Crash
Prince George's,Daylight,Same Direction Right Turn,Raining,Not Applicable,Not Applicable,No Defects,Property Damage Crash
Baltimore,Daylight,Same Direction Rear End,Raining,Other Vehicle,Other Vehicle,No Defects,Injury Crash
Baltimore City,Daylight,Same Direction Rear End,Raining,Other Vehicle,Other Vehicle,No Defects,Injury Crash
Baltimore,Daylight,Single Vehicle,Raining,Fixed Object,Not Applicable,No Defects,Injury Crash
Harford,Dark Lights On,Same Movement Angle,Raining,Other Vehicle,Not Applicable,No Defects,Property Damage Crash
Baltimore City,Dark Lights On,Other,Raining,Other Vehicle,Other Vehicle,No Defects,Property Damage Crash
Baltimore City,Daylight,Single Vehicle,Raining,Fixed Object,Other Object,No Defects,Property Damage Crash
Worcester,Daylight,Same Direction Rear End,Raining,Other Vehicle,Not Applicable,No Defects,Property Damage Crash
Prince George's,Daylight,Same Direction Right Turn,Raining,Not Applicable,Not Applicable,No Defects,Property Damage Crash
Charles,Daylight,Same Movement Angle,Not Applicable,Other Vehicle,Other Vehicle,No Defects,Injury Crash
Prince George's,Daylight,Head On Left Turn,Raining,Other Vehicle,Other Vehicle,No Defects,Property Damage Crash
Baltimore City,Daylight,Same Direction Right Turn,Raining,Other Vehicle,Not Applicable,No Defects,Property Damage Crash
Prince George's,Daylight,Head On Left Turn,Raining,Other Vehicle,Not Applicable,No Defects,Property Damage Crash
Frederick,Daylight,Same Movement Angle,Raining,Other Vehicle,Not Applicable,No Defects,Property Damage Crash
Prince George's,Dark Lights On,Single Vehicle,Raining,Not Applicable,Not Applicable,No Defects,Property Damage Crash
Prince George's,Dark Lights On,Other,Raining,Other Vehicle,Other Vehicle,No Defects,Property Damage Crash
Montgomery,Dark No Lights,Single Vehicle,Raining,Animal,Not Applicable,No Defects,Property Damage Crash
Washington,Daylight,Same Movement Angle,Raining,Other Vehicle,Other Object,No Defects,Property Damage Crash
Baltimore,Daylight,Head On Left Turn,Raining,Other Vehicle,Not Applicable,No Defects,Property Damage Crash
Baltimore,Daylight,Single Vehicle,Raining,Fixed Object,Other Object,Other,Property Damage Crash
Calvert,Daylight,Single Vehicle,Not Applicable,Off Road,Off Road,No Defects,Property Damage Crash
Baltimore City,Daylight,Same Movement Angle,Raining,Other Vehicle,Not Applicable,No Defects,Property Damage Crash
Anne Arundel,Dark No Lights,Single Vehicle,Raining,Animal,Not Applicable,No Defects,Property Damage Crash
Anne Arundel,Daylight,Other,Raining,Other Vehicle,Not Applicable,No Defects,Property Damage Crash
Montgomery,Daylight,Single Vehicle,Raining,Off Road,Fixed Object,No Defects,Property Damage Crash
Baltimore City,Daylight,Single Vehicle,Raining,Fixed Object,Not Applicable,No Defects,Property Damage Crash
Frederick,Daylight,Single Vehicle,Raining,Fixed Object,Not Applicable,No Defects,Property Damage Crash
Frederick,Dark Lights On,Same Direction Rear End,Raining,Parked Vehicle,Not Applicable,No Defects,Injury Crash
Prince George's,Daylight,Same Movement Angle,Raining,Other Vehicle,Fixed Object,No Defects,Injury Crash
Montgomery,Daylight,Not Applicable,Raining,Pedestrian,Not Applicable,No Defects,Injury Crash
Baltimore,Daylight,Unknown,Raining,Other Vehicle,Not Applicable,No Defects,Property Damage Crash
Washington,Dark No Lights,Single Vehicle,Not Applicable,Off Road,Not Applicable,No Defects,Injury Crash
Baltimore,Daylight,Same Direction Rear End,Raining,Other Vehicle,Other Vehicle,No Defects,Injury Crash
Cecil,Daylight,Single Vehicle,Raining,Overturn,Fixed Object,No Defects,Injury Crash
Baltimore City,Daylight,Other,Raining,Other Vehicle,Other Vehicle,No Defects,Property Damage Crash
Baltimore City,Daylight,Same Direction Rear End,Foggy,Parked Vehicle,Parked Vehicle,No Defects,Property Damage Crash
Baltimore,Daylight,Single Vehicle,Raining,Fixed Object,Not Applicable,No Defects,Property Damage Crash
Baltimore City,Daylight,Same Movement Angle,Raining,Other Vehicle,Parked Vehicle,No Defects,Property Damage Crash
Montgomery,Daylight,Single Vehicle,Not Applicable,Fixed Object,Not Applicable,Not Applicable,Property Damage Crash
Baltimore City,Daylight,Same Direction Sideswipe,Raining,Other Vehicle,Other Vehicle,No Defects,Property Damage Crash
Washington,Dark No Lights,Single Vehicle,Raining,Off Road,Fixed Object,No Defects,Property Damage Crash
Baltimore,Daylight,Same Direction Rear End,Raining,Other Vehicle,Not Applicable,No Defects,Property Damage Crash
Anne Arundel,Daylight,Same Direction Right Turn,Raining,Other Vehicle,Fixed Object,No Defects,Injury Crash
Baltimore City,Daylight,Same Movement Angle,Raining,Other Vehicle,Other Vehicle,No Defects,Property Damage Crash
Montgomery,Daylight,Other,Not Applicable,Other Vehicle,Other Vehicle,No Defects,Property Damage Crash
Montgomery,Daylight,Single Vehicle,Raining,Bicycle,Not Applicable,No Defects,Property Damage Crash
Anne Arundel,Daylight,Same Direction Rear End,Raining,Other Vehicle,Not Applicable,No Defects,Property Damage Crash
Baltimore,Daylight,Other,Raining,Parked Vehicle,Parked Vehicle,No Defects,Property Damage Crash
Baltimore City,Dark Lights On,Single Vehicle,Raining,Fixed Object,Fixed Object,No Defects,Property Damage Crash
Anne Arundel,Daylight,Single Vehicle,Raining,Fixed Object,Not Applicable,No Defects,Property Damage Crash
Baltimore City,Daylight,Same Direction Rear End,Raining,Other Vehicle,Not Applicable,No Defects,Property Damage Crash
Baltimore City,Daylight,Same Direction Rear End Right Turn,Raining,Other Vehicle,Not Applicable,No Defects,Property Damage Crash
Prince George's,Daylight,Head On Left Turn,Raining,Other Vehicle,Fixed Object,No Defects,Property Damage Crash
Calvert,Daylight,Single Vehicle,Raining,Fixed Object,Not Applicable,No Defects,Property Damage Crash
Montgomery,Daylight,Single Vehicle,Raining,Fixed Object,Fixed Object,No Defects,Property Damage Crash
Allegany,Daylight,Same Direction Sideswipe,Raining,Other Vehicle,Fixed Object,No Defects,Property Damage Crash
Calvert,Daylight,Single Vehicle,Raining,Fixed Object,Fixed Object,No Defects,Injury Crash
Baltimore,Dark Lights On,Same Direction Rear End,Raining,Other Vehicle,Not Applicable,No Defects,Property Damage Crash
Baltimore,Dark Lights On,Same Direction Rear End Left Turn,Raining,Other Vehicle,Not Applicable,No Defects,Property Damage Crash
Prince George's,Not Applicable,Same Direction Sideswipe,Raining,Other Vehicle,Not Applicable,No Defects,Property Damage Crash
Baltimore City,Daylight,Same Direction Rear End,Raining,Parked Vehicle,Not Applicable,No Defects,Injury Crash
Frederick,Daylight,Same Movement Angle,Raining,Other Vehicle,Fixed Object,No Defects,Property Damage Crash
Baltimore,Daylight,Same Direction Sideswipe,Raining,Other Vehicle,Not Applicable,No Defects,Property Damage Crash
Montgomery,Daylight,Other,Raining,Other Non Collision,Off Road,No Defects,Property Damage Crash
Baltimore City,Daylight,Same Direction Rear End,Raining,Other Vehicle,Not Applicable,No Defects,Property Damage Crash
Prince George's,Daylight,Same Direction Rear End,Raining,Other Vehicle,Not Applicable,No Defects,Injury Crash
Baltimore City,Daylight,Same Direction Rear End,Raining,Other Vehicle,Other Vehicle,No Defects,Property Damage Crash
Baltimore,Daylight,Same Movement Angle,Raining,Other Vehicle,Not Applicable,No Defects,Property Damage Crash
Anne Arundel,Daylight,Same Movement Angle,Raining,Other Vehicle,Not Applicable,No Defects,Property Damage Crash
Prince George's,Daylight,Single Vehicle,Raining,Fixed Object,Not Applicable,No Defects,Injury Crash
Montgomery,Dark Lights On,Same Direction Rear End,Raining,Other Vehicle,Not Applicable,No Defects,Injury Crash
Anne Arundel,Daylight,Same Direction Rear End,Raining,Other Vehicle,Other Vehicle,No Defects,Property Damage Crash
Prince George's,Dark Lights On,Single Vehicle,Raining,Pedestrian,Not Applicable,No Defects,Fatal Crash
Baltimore City,Daylight,Same Direction Sideswipe,Raining,Other Vehicle,Other Vehicle,No Defects,Property Damage Crash
Baltimore City,Daylight,Single Vehicle,Not Applicable,Fixed Object,Not Applicable,Not Applicable,Property Damage Crash
Prince George's,Dark No Lights,Same Direction Sideswipe,Raining,Fixed Object,Other Vehicle,No Defects,Property Damage Crash
Baltimore,Daylight,Single Vehicle,Raining,Not Applicable,Not Applicable,No Defects,Property Damage Crash
Anne Arundel,Dark Lights On,Other,Raining,Other Vehicle,Not Applicable,No Defects,Property Damage Crash
Prince George's,Daylight,Other,Raining,Other Vehicle,Other Vehicle,No Defects,Injury Crash
Baltimore City,Dark Lights On,Not Applicable,Raining,Parked Vehicle,Overturn,No Defects,Injury Crash
Charles,Daylight,Single Vehicle,Raining,Off Road,Overturn,No Defects,Injury Crash
Baltimore City,Dark Lights On,Other,Raining,Parked Vehicle,Parked Vehicle,No Defects,Property Damage Crash
Harford,Dark Lights On,Single Vehicle,Not Applicable,Fixed Object,Not Applicable,No Defects,Property Damage Crash
Prince George's,Daylight,Other,Raining,Parked Vehicle,Parked Vehicle,No Defects,Property Damage Crash
Baltimore,Dark Lights On,Same Direction Rear End,Raining,Other Vehicle,Not Applicable,No Defects,Property Damage Crash
Baltimore,Daylight,Unknown,Not Applicable,Parked Vehicle,Not Applicable,No Defects,Property Damage Crash
Anne Arundel,Daylight,Same Direction Rear End,Raining,Other Vehicle,Not Applicable,No Defects,Injury Crash
Baltimore,Unknown,Other,Not Applicable,Other Vehicle,Not Applicable,No Defects,Property Damage Crash
Frederick,Daylight,Single Vehicle,Raining,Fixed Object,Jackknife,No Defects,Property Damage Crash
Frederick,Daylight,Same Direction Rear End,Raining,Parked Vehicle,Parked Vehicle,No Defects,Property Damage Crash
Baltimore City,Daylight,Same Direction Rear End,Raining,Not Applicable,Other Vehicle,No Defects,Injury Crash
Prince George's,Dark Lights On,Same Direction Rear End,Not Applicable,Other Vehicle,Other Vehicle,No Defects,Property Damage Crash
Montgomery,Daylight,Single Vehicle,Raining,Off Road,Fixed Object,No Defects,Property Damage Crash
Baltimore,Unknown,Single Vehicle,Raining,Pedestrian,Not Applicable,No Defects,Injury Crash
Charles,Daylight,Other,Raining,Other Vehicle,Other Vehicle,No Defects,Property Damage Crash
Frederick,Daylight,Single Vehicle,Raining,Animal,Not Applicable,No Defects,Property Damage Crash
Prince George's,Daylight,Same Direction Sideswipe,Raining,Parked Vehicle,Parked Vehicle,No Defects,Property Damage Crash
Prince George's,Daylight,Same Direction Rear End,Raining,Other Vehicle,Not Applicable,Not Applicable,Property Damage Crash
Prince George's,Dark No Lights,Same Direction Rear End,Not Applicable,Other Vehicle,Other Vehicle,No Defects,Injury Crash
Montgomery,Daylight,Same Direction Rear End,Raining,Other Vehicle,Other Vehicle,No Defects,Injury Crash
Baltimore City,Daylight,Other,Raining,Other Vehicle,Fixed Object,No Defects,Injury Crash
Frederick,Daylight,Same Movement Angle,Raining,Other Vehicle,Not Applicable,No Defects,Injury Crash
Calvert,Daylight,Single Vehicle,Foggy,Animal,Not Applicable,No Defects,Property Damage Crash
Howard,Dark No Lights,Single Vehicle,Raining,Fixed Object,Not Applicable,No Defects,Injury Crash
Baltimore,Daylight,Same Direction Rear End,Raining,Other Vehicle,Other Vehicle,No Defects,Injury Crash
Caroline,Daylight,Same Movement Angle,Raining,Other Vehicle,Other Vehicle,No Defects,Property Damage Crash
Cecil,Daylight,Single Vehicle,Raining,Fixed Object,Not Applicable,No Defects,Property Damage Crash
Baltimore City,Daylight,Same Movement Angle,Raining,Other Vehicle,Other Vehicle,No Defects,Property Damage Crash
Anne Arundel,Daylight,Same Movement Angle,Raining,Other Vehicle,Not Applicable,No Defects,Property Damage Crash
Prince George's,Daylight,Single Vehicle,Raining,Fixed Object,Fixed Object,No Defects,Property Damage Crash
Prince George's,Dark Lights On,Single Vehicle,Raining,Other Object,Not Applicable,No Defects,Property Damage Crash
Baltimore City,Daylight,Same Direction Rear End,Raining,Other Vehicle,Not Applicable,No Defects,Property Damage Crash
Baltimore City,Daylight,Not Applicable,Raining,Not Applicable,Not Applicable,No Defects,Injury Crash
Baltimore City,Dark No Lights,Same Direction Rear End,Raining,Other Vehicle,Not Applicable,No Defects,Injury Crash
Cecil,Daylight,Opposite Direction Sideswipe,Not Applicable,Other Vehicle,Not Applicable,No Defects,Injury Crash
Prince George's,Daylight,Same Direction Rear End,Raining,Other Vehicle,Other Vehicle,No Defects,Property Damage Crash
Baltimore,Daylight,Same Direction Rear End,Raining,Other Vehicle,Other Vehicle,No Defects,Property Damage Crash
Baltimore,Dark Lights On,Same Direction Rear End,Clear,Other Vehicle,Not Applicable,No Defects,Property Damage Crash
Montgomery,Daylight,Opposite Direction Sideswipe,Raining,Other Vehicle,Not Applicable,No Defects,Property Damage Crash
Anne Arundel,Daylight,Angle Meets Left Turn,Raining,Other Vehicle,Not Applicable,No Defects,Injury Crash
Prince George's,Dark Lights On,Other,Raining,Pedestrian,Pedestrian,No Defects,Fatal Crash
Charles,Dark No Lights,Single Vehicle,Raining,Off Road,Fixed Object,No Defects,Injury Crash
Prince George's,Daylight,Angle Meets Left Turn,Raining,Other Vehicle,Not Applicable,No Defects,Property Damage Crash
Cecil,Daylight,Same Movement Angle,Raining,Other Vehicle,Not Applicable,No Defects,Injury Crash
Baltimore City,Daylight,Same Movement Angle,Raining,Other Vehicle,Other Vehicle,No Defects,Injury Crash
Prince George's,Daylight,Other,Raining,Parked Vehicle,Not Applicable,No Defects,Property Damage Crash
Baltimore,Daylight,Other,Raining,Pedestrian,Not Applicable,No Defects,Injury Crash
Baltimore City,Dark Lights On,Single Vehicle,Raining,Fixed Object,Not Applicable,No Defects,Property Damage Crash
Baltimore,Daylight,Same Direction Rear End,Raining,Other Vehicle,Not Applicable,No Defects,Property Damage Crash
Baltimore,Daylight,Other,Not Applicable,Fixed Object,Not Applicable,No Defects,Property Damage Crash
Anne Arundel,Daylight,Other,Raining,Parked Vehicle,Not Applicable,No Defects,Property Damage Crash
Anne Arundel,Dark No Lights,Same Movement Angle,Raining,Other Vehicle,Fixed Object,No Defects,Property Damage Crash
Baltimore,Daylight,Same Direction Rear End,Raining,Other Vehicle,Not Applicable,No Defects,Property Damage Crash
Caroline,Not Applicable,Single Vehicle,Not Applicable,Off Road,Fixed Object,No Defects,Property Damage Crash
Baltimore,Unknown,Unknown,Not Applicable,Other Vehicle,Not Applicable,No Defects,Property Damage Crash
Prince George's,Daylight,Head On,Raining,Other Vehicle,Other Vehicle,No Defects,Property Damage Crash
Washington,Daylight,Head On,Raining,Other Vehicle,Other Vehicle,No Defects,Injury Crash
Montgomery,Daylight,Same Direction Rear End,Raining,Other Vehicle,Other Vehicle,No Defects,Property Damage Crash
Baltimore City,Daylight,Same Movement Angle,Raining,Other Vehicle,Not Applicable,No Defects,Injury Crash
Baltimore,Dark Lights On,Single Vehicle,Raining,Fixed Object,Not Applicable,No Defects,Property Damage Crash
Montgomery,Dark Lights On,Head On Left Turn,Raining,Other Vehicle,Fixed Object,No Defects,Injury Crash
Montgomery,Daylight,Same Direction Rear End,Raining,Other Vehicle,Not Applicable,No Defects,Injury Crash
Baltimore,Daylight,Same Direction Rear End,Raining,Other Vehicle,Not Applicable,No Defects,Property Damage Crash
Baltimore City,Dark Lights On,Single Vehicle,Not Applicable,Animal,Animal,Not Applicable,Property Damage Crash
Baltimore City,Dark Lights On,Same Direction Sideswipe,Raining,Other Vehicle,Not Applicable,No Defects,Property Damage Crash
Charles,Dark Lights On,Head On Left Turn,Raining,Other Vehicle,Not Applicable,No Defects,Property Damage Crash
Washington,Daylight,Same Direction Rear End,Raining,Pedestrian,Not Applicable,No Defects,Fatal Crash
Prince George's,Daylight,Single Vehicle,Not Applicable,Fixed Object,Not Applicable,No Defects,Property Damage Crash
Howard,Daylight,Single Vehicle,Raining,Off Road,Fixed Object,No Defects,Property Damage Crash
Baltimore City,Dark Lights On,Same Movement Angle,Raining,Other Vehicle,Not Applicable,No Defects,Property Damage Crash
Wicomico,Daylight,Same Movement Angle,Raining,Other Vehicle,Not Applicable,No Defects,Injury Crash
Baltimore City,Daylight,Other,Clear,Other Vehicle,Not Applicable,No Defects,Property Damage Crash
Anne Arundel,Daylight,Single Vehicle,Raining,Fixed Object,Not Applicable,No Defects,Property Damage Crash
Baltimore,Daylight,Same Direction Rear End,Raining,Other Vehicle,Not Applicable,No Defects,Property Damage Crash
Baltimore,Not Applicable,Same Direction Sideswipe,Raining,Other Vehicle,Not Applicable,No Defects,Property Damage Crash
Prince George's,Daylight,Single Vehicle,Raining,Fixed Object,Not Applicable,No Defects,Property Damage Crash
Anne Arundel,Daylight,Same Direction Sideswipe,Raining,Other Vehicle,Not Applicable,No Defects,Property Damage Crash
Prince George's,Dark No Lights,Other,Raining,Pedestrian,Pedestrian,No Defects,Fatal Crash
Prince George's,Daylight,Same Direction Rear End,Raining,Other Vehicle,Not Applicable,No Defects,Property Damage Crash
Prince George's,Daylight,Other,Raining,Other Vehicle,Not Applicable,No Defects,Property Damage Crash
Anne Arundel,Daylight,Single Vehicle,Raining,Fixed Object,Fixed Object,No Defects,Property Damage Crash
Anne Arundel,Daylight,Single Vehicle,Raining,Overturn,Fell Jumped from Motor Vehicle,No Defects,Injury Crash
Anne Arundel,Daylight,Single Vehicle,Raining,Fixed Object,Overturn,No Defects,Property Damage Crash
Anne Arundel,Daylight,Single Vehicle,Raining,Fixed Object,Overturn,No Defects,Injury Crash
Montgomery,Daylight,Same Direction Rear End,Raining,Other Vehicle,Not Applicable,No Defects,Property Damage Crash
Baltimore City,Dark No Lights,Not Applicable,Not Applicable,Not Applicable,Not Applicable,No Defects,Injury Crash
Prince George's,Daylight,Single Vehicle,Raining,Explosion or Fire,Not Applicable,No Defects,Property Damage Crash
Wicomico,Dark No Lights,Single Vehicle,Raining,Off Road,Fixed Object,No Defects,Property Damage Crash
Queen Anne's,Daylight,Single Vehicle,Raining,Off Road,Fixed Object,No Defects,Property Damage Crash
Prince George's,Daylight,Single Vehicle,Raining,Other Vehicle,Fixed Object,No Defects,Property Damage Crash
Baltimore,Daylight,Other,Raining,Parked Vehicle,Not Applicable,No Defects,Property Damage Crash
Baltimore City,Daylight,Other,Raining,Other Vehicle,Not Applicable,No Defects,Injury Crash
Baltimore City,Daylight,Same Direction Rear End,Raining,Parked Vehicle,Other Vehicle,Not Applicable,Property Damage Crash
Anne Arundel,Daylight,Head On Left Turn,Not Applicable,Other Vehicle,Other Vehicle,No Defects,Property Damage Crash
Baltimore City,Daylight,Same Movement Angle,Raining,Other Vehicle,Not Applicable,No Defects,Property Damage Crash
St. Mary's,Daylight,Other,Raining,Other Vehicle,Not Applicable,No Defects,Property Damage Crash
Frederick,Daylight,Single Vehicle,Raining,Fixed Object,Not Applicable,No Defects,Property Damage Crash
Baltimore,Daylight,Same Direction Rear End,Raining,Other Vehicle,Not Applicable,No Defects,Property Damage Crash
Baltimore,Daylight,Same Direction Rear End,Raining,Other Vehicle,Not Applicable,No Defects,Property Damage Crash
Anne Arundel,Daylight,Other,Raining,Parked Vehicle,Not Applicable,No Defects,Property Damage Crash
Baltimore,Dark Lights On,Single Vehicle,Not Applicable,Fixed Object,Not Applicable,No Defects,Injury Crash
Baltimore City,Daylight,Same Direction Rear End,Raining,Not Applicable,Not Applicable,"Holes, Ruts, Etc.",Property Damage Crash
Carroll,Daylight,Other,Not Applicable,Parked Vehicle,Not Applicable,No Defects,Property Damage Crash
Montgomery,Daylight,Same Direction Rear End,Raining,Parked Vehicle,Not Applicable,No Defects,Injury Crash
Charles,Dark Lights On,Single Vehicle,Raining,Off Road,Fixed Object,No Defects,Property Damage Crash
Baltimore,Unknown,Unknown,Not Applicable,Other Vehicle,Not Applicable,No Defects,Property Damage Crash
Baltimore,Daylight,Same Direction Sideswipe,Raining,Other Vehicle,Not Applicable,No Defects,Property Damage Crash
Baltimore,Daylight,Other,Raining,Other Vehicle,Parked Vehicle,No Defects,Property Damage Crash
Montgomery,Daylight,Other,Raining,Parked Vehicle,Fixed Object,No Defects,Property Damage Crash
Baltimore,Dark Lights On,Other,Raining,Parked Vehicle,Not Applicable,No Defects,Property Damage Crash
Baltimore City,Daylight,Other,Raining,Other Vehicle,Other Vehicle,No Defects,Property Damage Crash
Montgomery,Daylight,Single Vehicle,Raining,Fixed Object,Fixed Object,No Defects,Property Damage Crash
Baltimore,Daylight,Head On Left Turn,Raining,Other Vehicle,Fixed Object,No Defects,Injury Crash
Anne Arundel,Daylight,Angle Meets Left Turn,Raining,Other Vehicle,Not Applicable,No Defects,Injury Crash
Montgomery,Daylight,Same Direction Sideswipe,Not Applicable,Other Vehicle,Not Applicable,No Defects,Property Damage Crash
Frederick,Daylight,Single Vehicle,Raining,Fixed Object,Not Applicable,No Defects,Injury Crash
Anne Arundel,Daylight,Same Direction Rear End,Raining,Other Vehicle,Not Applicable,No Defects,Property Damage Crash
Queen Anne's,Daylight,Same Direction Rear End,Raining,Spilled Cargo,Other Vehicle,No Defects,Injury Crash
Baltimore City,Daylight,Same Direction Right Turn,Raining,Other Vehicle,Not Applicable,No Defects,Property Damage Crash
Baltimore,Daylight,Same Direction Rear End,Raining,Parked Vehicle,Not Applicable,No Defects,Property Damage Crash
Baltimore City,Daylight,Same Direction Both Left Turn,Not Applicable,Other Vehicle,Not Applicable,No Defects,Property Damage Crash
Prince George's,Dark Lights On,Single Vehicle,Raining,Fixed Object,Not Applicable,No Defects,Property Damage Crash
Baltimore City,Daylight,Same Movement Angle,Not Applicable,Other Vehicle,Other Vehicle,No Defects,Injury Crash
Anne Arundel,Daylight,Same Direction Rear End,Raining,Other Vehicle,Not Applicable,No Defects,Injury Crash
Baltimore,Dark Lights On,Same Direction Right Turn,Raining,Other Vehicle,Not Applicable,No Defects,Property Damage Crash
Carroll,Daylight,Same Movement Angle,Raining,Other Vehicle,Not Applicable,No Defects,Property Damage Crash
Prince George's,Daylight,Same Direction Rear End,Raining,Not Applicable,Not Applicable,No Defects,Injury Crash
Montgomery,Dark Lights On,Same Movement Angle,Raining,Other Vehicle,Not Applicable,No Defects,Property Damage Crash
Baltimore City,Daylight,Single Vehicle,Raining,Pedestrian,Not Applicable,No Defects,Injury Crash
Baltimore City,Dark Lights On,Same Movement Angle,Raining,Other Vehicle,Not Applicable,No Defects,Property Damage Crash
Baltimore City,Daylight,Same Direction Rear End,Raining,Other Vehicle,Other Vehicle,No Defects,Property Damage Crash
Prince George's,Dark Lights On,Other,Raining,Other Vehicle,Not Applicable,No Defects,Property Damage Crash
Wicomico,Daylight,Same Direction Rear End,Raining,Other Vehicle,Not Applicable,No Defects,Property Damage Crash
Baltimore City,Daylight,Same Direction Right Turn,Raining,Other Vehicle,Not Applicable,No Defects,Injury Crash
Frederick,Daylight,Head On Left Turn,Raining,Other Vehicle,Other Vehicle,No Defects,Property Damage Crash
Baltimore,Unknown,Other,Not Applicable,Parked Vehicle,Not Applicable,No Defects,Property Damage Crash
Cecil,Dark Lights On,Single Vehicle,Raining,Fixed Object,Fixed Object,No Defects,Injury Crash
Charles,Dark No Lights,Same Direction Rear End,Raining,Other Vehicle,Not Applicable,No Defects,Property Damage Crash
Baltimore,Daylight,Single Vehicle,Raining,Off Road,Fixed Object,No Defects,Injury Crash
Baltimore,Daylight,Single Vehicle,Raining,Jackknife,Other Object,No Defects,Property Damage Crash
Baltimore City,Daylight,Same Movement Angle,Raining,Other Vehicle,Not Applicable,No Defects,Property Damage Crash
Baltimore,Daylight,Same Movement Angle,Raining,Other Vehicle,Fixed Object,No Defects,Injury Crash