county_desc,light_desc,collision_type_desc,weather_desc,harm_event_desc1,harm_event_desc2,rd_cond_desc,report_type
Baltimore,Daylight,Same Direction Rear End,Raining,Parked Vehicle,Not Applicable,No Defects,Injury Crash
Prince George's,Daylight,Same Movement Angle,Raining,Other Vehicle,Other Vehicle,No Defects,Property Damage Crash
Baltimore,Daylight,Same Movement Angle,Raining,Other Vehicle,Overturn,No Defects,Injury Crash
Baltimore,Dark Lights On,Opposite Direction Both Left Turn,Raining,Parked Vehicle,Not Applicable,No Defects,Property Damage Crash
Baltimore,Dark Lights On,Single Vehicle,Raining,Fixed Object,Not Applicable,No Defects,Property Damage Crash
Wicomico,Daylight,Same Movement Angle,Raining,Not Applicable,Other Vehicle,No Defects,Injury Crash
Montgomery,Dark Lights On,Same Movement Angle,Raining,Other Vehicle,Not Applicable,No Defects,Injury Crash
Baltimore,Daylight,Same Direction Rear End,Raining,Other Vehicle,Not Applicable,No Defects,Property Damage Crash
Montgomery,Daylight,Same Direction Rear End,Raining,Other Vehicle,Not Applicable,No Defects,Injury Crash
Montgomery,Dark Lights On,Same Movement Angle,Raining,Bicycle,Not Applicable,No Defects,Injury Crash
Baltimore City,Dark Lights On,Head On Left Turn,Not Applicable,Other Vehicle,Not Applicable,Not Applicable,Injury Crash
Baltimore City,Daylight,Other,Raining,Other Vehicle,Fixed Object,No Defects,Injury Crash
Montgomery,Daylight,Unknown,Raining,Unknown,Unknown,Unknown,Injury Crash
Prince George's,Daylight,Single Vehicle,Raining,Fixed Object,Not Applicable,No Defects,Property Damage Crash
Prince George's,Dark Lights On,Same Direction Rear End,Raining,Other Vehicle,Not Applicable,No Defects,Property Damage Crash
Washington,Daylight,Same Direction Rear End,Not Applicable,Other Vehicle,Not Applicable,No Defects,Property Damage Crash
Carroll,Daylight,Other,Raining,Parked Vehicle,Not Applicable,No Defects,Property Damage Crash
Prince George's,Daylight,Single Vehicle,Raining,Off Road,Overturn,No Defects,Injury Crash
Baltimore City,Dark Lights On,Same Direction Sideswipe,Raining,Other Vehicle,Not Applicable,No Defects,Property Damage Crash
Prince George's,Dark No Lights,Same Direction Sideswipe,Raining,Other Vehicle,Off Road,No Defects,Property Damage Crash
Baltimore City,Dark Lights On,Head On,Raining,Other Vehicle,Not Applicable,No Defects,Property Damage Crash
Anne Arundel,Daylight,Same Movement Angle,Raining,Other Vehicle,Not Applicable,Not Applicable,Property Damage Crash
Montgomery,Daylight,Other,Raining,Unknown,Not Applicable,No Defects,Property Damage Crash
Prince George's,Daylight,Same Direction Rear End,Raining,Not Applicable,Not Applicable,No Defects,Property Damage Crash
Carroll,Dark No Lights,Single Vehicle,Raining,Fixed Object,Not Applicable,Not Applicable,Injury Crash
Washington,Daylight,Single Vehicle,Raining,Off Road,Not Applicable,No Defects,Injury Crash
Worcester,Daylight,Single Vehicle,Raining,Fixed Object,Not Applicable,No Defects,Property Damage Crash
Carroll,Daylight,Same Direction Rear End,Raining,Other Vehicle,Other Vehicle,No Defects,Property Damage Crash
Prince George's,Daylight,Same Direction Rear End Left Turn,Raining,Fixed Object,Not Applicable,No Defects,Property Damage Crash
Montgomery,Daylight,Single Vehicle,Raining,Fixed Object,Not Applicable,No Defects,Injury Crash
Baltimore,Daylight,Single Vehicle,Raining,Other Vehicle,Not Applicable,No Defects,Property Damage Crash
Baltimore,Daylight,Same Direction Left Turn,Raining,Other Vehicle,Not Applicable,No Defects,Injury Crash
Baltimore City,Daylight,Same Movement Angle,Raining,Other Vehicle,Other Vehicle,No Defects,Property Damage Crash
Wicomico,Daylight,Single Vehicle,Raining,Animal,Not Applicable,No Defects,Property Damage Crash
Worcester,Daylight,Single Vehicle,Raining,Other Object,Not Applicable,No Defects,Injury Crash
Prince George's,Daylight,Head On Left Turn,Raining,Other Vehicle,Other Vehicle,No Defects,Property Damage Crash
Anne Arundel,Daylight,Other,Raining,Parked Vehicle,Not Applicable,No Defects,Property Damage Crash
Howard,Daylight,Single Vehicle,Raining,Fixed Object,Not Applicable,No Defects,Property Damage Crash
Washington,Daylight,Single Vehicle,Raining,Fixed Object,Off Road,Not Applicable,Property Damage Crash
Frederick,Daylight,Single Vehicle,Raining,Fixed Object,Fixed Object,No Defects,Property Damage Crash
Talbot,Daylight,Single Vehicle,Raining,Fixed Object,Not Applicable,No Defects,Property Damage Crash
Prince George's,Daylight,Same Direction Rear End,Not Applicable,Not Applicable,Not Applicable,No Defects,Property Damage Crash
Charles,Daylight,Same Direction Rear End,Raining,Other Vehicle,Not Applicable,No Defects,Property Damage Crash
Baltimore City,Dark Lights On,Other,Raining,Parked Vehicle,Other Vehicle,No Defects,Injury Crash
Harford,Daylight,Other,Clear,Other Vehicle,Other Vehicle,No Defects,Property Damage Crash
Wicomico,Daylight,Single Vehicle,Raining,Off Road,Fixed Object,No Defects,Property Damage Crash
Prince George's,Daylight,Same Direction Rear End,Raining,Other Vehicle,Not Applicable,No Defects,Property Damage Crash
Baltimore,Daylight,Other,Raining,Pedestrian,Not Applicable,No Defects,Property Damage Crash
Howard,Dark Lights On,Same Direction Right Turn,Raining,Other Vehicle,Other Vehicle,No Defects,Property Damage Crash
Washington,Daylight,Same Direction Rear End,Not Applicable,Other Vehicle,Fixed Object,No Defects,Property Damage Crash
Prince George's,Daylight,Same Direction Rear End,Raining,Other Vehicle,Not Applicable,No Defects,Property Damage Crash
Anne Arundel,Daylight,Head On,Raining,Other Vehicle,Not Applicable,No Defects,Injury Crash
Harford,Daylight,Single Vehicle,Raining,Fixed Object,Fixed Object,No Defects,Property Damage Crash
Anne Arundel,Daylight,Single Vehicle,Raining,Fixed Object,Not Applicable,"Holes, Ruts, Etc.",Injury Crash
Anne Arundel,Daylight,Single Vehicle,Raining,Fixed Object,Fixed Object,No Defects,Property Damage Crash
Worcester,Daylight,Single Vehicle,Raining,Fixed Object,Not Applicable,No Defects,Property Damage Crash
Anne Arundel,Dark Lights On,Other,Raining,Off Road,Fixed Object,No Defects,Injury Crash
Anne Arundel,Daylight,Angle Meets Right Turn,Raining,Other Vehicle,Not Applicable,No Defects,Injury Crash
Anne Arundel,Dark Lights On,Same Movement Angle,Raining,Other Vehicle,Not Applicable,No Defects,Property Damage Crash
Cecil,Daylight,Same Direction Rear End,Not Applicable,Other Vehicle,Not Applicable,No Defects,Property Damage Crash
Baltimore,Daylight,Same Direction Left Turn,Raining,Other Vehicle,Other Vehicle,Other,Property Damage Crash
Baltimore City,Not Applicable,Same Direction Rear End,Not Applicable,Other Vehicle,Other Vehicle,Not Applicable,Property Damage Crash
Cecil,Daylight,Same Direction Rear End Right Turn,Raining,Other Vehicle,Not Applicable,No Defects,Property Damage Crash
Worcester,Daylight,Same Direction Rear End Left Turn,Raining,Other Vehicle,Not Applicable,No Defects,Property Damage Crash
Baltimore,Daylight,Unknown,Raining,Parked Vehicle,Not Applicable,No Defects,Property Damage Crash
Wicomico,Dark Lights On,Single Vehicle,Raining,Off Road,Fixed Object,No Defects,Property Damage Crash
Worcester,Daylight,Single Vehicle,Raining,Fixed Object,Not Applicable,No Defects,Property Damage Crash
Baltimore City,Daylight,Same Direction Rear End,Raining,Other Vehicle,Not Applicable,No Defects,Property Damage Crash
Baltimore City,Daylight,Other,Raining,Other Vehicle,Not Applicable,No Defects,Injury Crash
Anne Arundel,Daylight,Single Vehicle,Raining,Fixed Object,Not Applicable,No Defects,Property Damage Crash
Harford,Daylight,Same Movement Angle,Raining,Other Vehicle,Not Applicable,No Defects,Property Damage Crash
Montgomery,Daylight,Same Direction Rear End,Raining,Other Vehicle,Not Applicable,No Defects,Injury Crash
Queen Anne's,Daylight,Single Vehicle,Raining,Off Road,Fixed Object,No Defects,Property Damage Crash
Washington,Daylight,Same Direction Rear End,Raining,Other Vehicle,Not Applicable,No Defects,Injury Crash
Baltimore,Dark Lights On,Single Vehicle,Raining,Fixed Object,Fixed Object,No Defects,Property Damage Crash
Baltimore City,Daylight,Same Movement Angle,Raining,Other Vehicle,Fixed Object,No Defects,Property Damage Crash
Anne Arundel,Daylight,Single Vehicle,Raining,Off Road,Not Applicable,No Defects,Property Damage Crash
Anne Arundel,Daylight,Single Vehicle,Raining,Fixed Object,Not Applicable,No Defects,Property Damage Crash
Anne Arundel,Daylight,Same Direction Rear End,Raining,Parked Vehicle,Other Vehicle,No Defects,Property Damage Crash
Cecil,Dark No Lights,Single Vehicle,Raining,Off Road,Fixed Object,No Defects,Injury Crash
Baltimore,Daylight,Other,Raining,Parked Vehicle,Not Applicable,No Defects,Property Damage Crash
Baltimore,Daylight,Single Vehicle,Raining,Fixed Object,Not Applicable,No Defects,Property Damage Crash
Prince George's,Daylight,Same Movement Angle,Raining,Other Vehicle,Not Applicable,No Defects,Property Damage Crash
Baltimore,Daylight,Same Direction Sideswipe,Not Applicable,Not Applicable,Not Applicable,No Defects,Injury Crash
Howard,Daylight,Same Direction Left Turn,Raining,Other Vehicle,Not Applicable,No Defects,Property Damage Crash
Anne Arundel,Dark Lights On,Same Direction Left Turn,Raining,Other Vehicle,Fixed Object,No Defects,Injury Crash
Queen Anne's,Daylight,Same Movement Angle,Raining,Bicycle,Not Applicable,No Defects,Property Damage Crash
Washington,Daylight,Single Vehicle,Raining,Off Road,Fixed Object,No Defects,Property Damage Crash
Prince George's,Dark Lights On,Head On,Raining,Other Vehicle,Not Applicable,No Defects,Property Damage Crash
Baltimore,Dark Lights On,Same Direction Sideswipe,Raining,Parked Vehicle,Not Applicable,No Defects,Property Damage Crash
Howard,Daylight,Single Vehicle,Raining,Off Road,Fixed Object,No Defects,Property Damage Crash
Montgomery,Daylight,Head On,Raining,Other Vehicle,Other Vehicle,No Defects,Injury Crash
Baltimore City,Daylight,Other,Raining,Parked Vehicle,Not Applicable,No Defects,Property Damage Crash
Montgomery,Daylight,Single Vehicle,Raining,Fixed Object,Not Applicable,No Defects,Property Damage Crash
Cecil,Dark Lights On,Single Vehicle,Raining,Off Road,Not Applicable,No Defects,Property Damage Crash
Harford,Daylight,Same Direction Sideswipe,Raining,Parked Vehicle,Off Road,No Defects,Property Damage Crash
Baltimore,Daylight,Same Direction Sideswipe,Raining,Other Vehicle,Not Applicable,No Defects,Property Damage Crash
Baltimore,Daylight,Head On Left Turn,Raining,Other Vehicle,Not Applicable,No Defects,Injury Crash
Prince George's,Daylight,Same Direction Sideswipe,Raining,Other Vehicle,Not Applicable,No Defects,Property Damage Crash
Baltimore City,Daylight,Same Direction Right Turn,Raining,Other Vehicle,Not Applicable,No Defects,Property Damage Crash
Howard,Daylight,Same Direction Sideswipe,Raining,Other Vehicle,Other Vehicle,No Defects,Property Damage Crash
Anne Arundel,Daylight,Same Movement Angle,Raining,Other Vehicle,Not Applicable,No Defects,Injury Crash
Baltimore,Daylight,Head On,Raining,Other Vehicle,Not Applicable,No Defects,Property Damage Crash
Baltimore City,Daylight,Same Direction Rear End,Raining,Other Vehicle,Parked Vehicle,No Defects,Property Damage Crash
Anne Arundel,Daylight,Single Vehicle,Raining,Off Road,Fixed Object,No Defects,Property Damage Crash
Anne Arundel,Daylight,Head On Left Turn,Raining,Other Vehicle,Not Applicable,No Defects,Property Damage Crash
Baltimore City,Daylight,Same Movement Angle,Raining,Other Vehicle,Bicycle,No Defects,Injury Crash
Baltimore City,Daylight,Single Vehicle,Raining,Fixed Object,Fixed Object,No Defects,Property Damage Crash
Frederick,Daylight,Other,Raining,Other Vehicle,Not Applicable,No Defects,Injury Crash
Allegany,Daylight,Single Vehicle,Raining,Fixed Object,Not Applicable,No Defects,Property Damage Crash
Baltimore,Daylight,Single Vehicle,Raining,Fixed Object,Not Applicable,No Defects,Property Damage Crash
Baltimore City,Dark Lights On,Same Movement Angle,Not Applicable,Other Vehicle,Not Applicable,No Defects,Injury Crash
Carroll,Dark Lights On,Single Vehicle,Foggy,Animal,Animal,No Defects,Property Damage Crash
Prince George's,Daylight,Same Direction Rear End,Raining,Other Vehicle,Other Vehicle,No Defects,Injury Crash
Baltimore City,Daylight,Same Direction Right Turn,Raining,Other Vehicle,Other Vehicle,No Defects,Property Damage Crash
Howard,Daylight,Same Direction Sideswipe,Raining,Other Vehicle,Other Vehicle,No Defects,Injury Crash
Harford,Daylight,Same Direction Rear End,Raining,Other Vehicle,Not Applicable,No Defects,Injury Crash
Baltimore City,Not Applicable,Head On Left Turn,Not Applicable,Other Vehicle,Not Applicable,Not Applicable,Injury Crash
Montgomery,Daylight,Same Direction Rear End,Raining,Other Vehicle,Not Applicable,No Defects,Injury Crash
Anne Arundel,Daylight,Other,Raining,Other Vehicle,Pedestrian,Other,Injury Crash
Prince George's,Dark No Lights,Same Direction Rear End,Raining,Other Vehicle,Not Applicable,No Defects,Property Damage Crash
Worcester,Dark No Lights,Single Vehicle,Raining,Off Road,Fixed Object,No Defects,Fatal Crash
Prince George's,Daylight,Same Direction Left Turn,Raining,Other Vehicle,Not Applicable,No Defects,Property Damage Crash
Anne Arundel,Dark No Lights,Single Vehicle,Raining,Off Road,Not Applicable,No Defects,Property Damage Crash
Prince George's,Daylight,Head On Left Turn,Raining,Other Vehicle,Not Applicable,No Defects,Property Damage Crash
Baltimore,Daylight,Other,Raining,Other Vehicle,Not Applicable,No Defects,Property Damage Crash
Prince George's,Daylight,Other,Not Applicable,Other Vehicle,Other Vehicle,No Defects,Injury Crash
Montgomery,Dark No Lights,Same Direction Rear End,Raining,Fixed Object,Other Vehicle,View Obstructed,Property Damage Crash
Carroll,Daylight,Same Movement Angle,Raining,Other Vehicle,Other Vehicle,No Defects,Injury Crash
Worcester,Daylight,Same Direction Rear End,Raining,Other Vehicle,Not Applicable,No Defects,Property Damage Crash
Anne Arundel,Daylight,Same Direction Rear End,Raining,Other Vehicle,Other Vehicle,No Defects,Property Damage Crash
Frederick,Daylight,Single Vehicle,Not Applicable,Fixed Object,Not Applicable,No Defects,Property Damage Crash
Prince George's,Daylight,Single Vehicle,Raining,Not Applicable,Not Applicable,No Defects,Property Damage Crash
Worcester,Daylight,Single Vehicle,Raining,Fixed Object,Not Applicable,No Defects,Property Damage Crash
Washington,Daylight,Single Vehicle,Raining,Off Road,Fixed Object,No Defects,Property Damage Crash
Montgomery,Daylight,Other,Raining,Other Vehicle,Not Applicable,No Defects,Property Damage Crash
Charles,Dark No Lights,Single Vehicle,Raining,Overturn,Fixed Object,No Defects,Injury Crash
Montgomery,Daylight,Same Movement Angle,Raining,Other Vehicle,Not Applicable,No Defects,Property Damage Crash
Prince George's,Dark Lights On,Same Direction Rear End,Raining,Other Vehicle,Not Applicable,No Defects,Property Damage Crash
Wicomico,Daylight,Same Movement Angle,Raining,Other Vehicle,Not Applicable,No Defects,Property Damage Crash
Baltimore City,Daylight,Head On Left Turn,Raining,Other Vehicle,Parked Vehicle,No Defects,Property Damage Crash
Baltimore,Daylight,Same Movement Angle,Raining,Other Vehicle,Not Applicable,No Defects,Injury Crash
Anne Arundel,Dark Lights On,Single Vehicle,Raining,Fixed Object,Not Applicable,No Defects,Property Damage Crash
Baltimore,Daylight,Other,Raining,Other Vehicle,Other Vehicle,No Defects,Property Damage Crash
Baltimore,Daylight,Single Vehicle,Raining,Fixed Object,Not Applicable,No Defects,Property Damage Crash
Baltimore City,Daylight,Same Direction Rear End,Raining,Other Vehicle,Not Applicable,No Defects,Property Damage Crash
Montgomery,Daylight,Other,Raining,Other Vehicle,Backing,No Defects,Property Damage Crash
Harford,Daylight,Single Vehicle,Raining,Fixed Object,Not Applicable,No Defects,Property Damage Crash
Baltimore City,Daylight,Same Direction Sideswipe,Raining,Other Vehicle,Other Vehicle,No Defects,Property Damage Crash
Baltimore City,Daylight,Same Movement Angle,Raining,Other Vehicle,Not Applicable,No Defects,Property Damage Crash
Worcester,Dark No Lights,Single Vehicle,Raining,Fixed Object,Not Applicable,No Defects,Property Damage Crash
Baltimore City,Daylight,Same Movement Angle,Raining,Other Vehicle,Not Applicable,No Defects,Injury Crash
Harford,Dark No Lights,Single Vehicle,Raining,Fixed Object,Not Applicable,No Defects,Property Damage Crash
Prince George's,Daylight,Other,Raining,Pedestrian,Not Applicable,No Defects,Injury Crash
Montgomery,Daylight,Same Direction Rear End,Raining,Other Vehicle,Not Applicable,No Defects,Injury Crash
Frederick,Daylight,Other,Clear,Other Vehicle,Parked Vehicle,No Defects,Property Damage Crash
Prince George's,Daylight,Head On,Raining,Other Vehicle,Other Object,No Defects,Injury Crash
Carroll,Daylight,Single Vehicle,Raining,Off Road,Overturn,No Defects,Fatal Crash
Charles,Daylight,Same Movement Angle,Not Applicable,Other Vehicle,Not Applicable,No Defects,Property Damage Crash
Baltimore,Daylight,Other,Raining,Other Vehicle,Not Applicable,No Defects,Property Damage Crash
Montgomery,Dark No Lights,Same Movement Angle,Raining,Other Vehicle,Bicycle,No Defects,Injury Crash
Baltimore City,Dark Lights On,Same Movement Angle,Raining,Other Vehicle,Fixed Object,No Defects,Injury Crash
Baltimore,Daylight,Same Direction Sideswipe,Raining,Other Vehicle,Fixed Object,No Defects,Property Damage Crash
Prince George's,Dark Lights On,Same Direction Left Turn,Not Applicable,Parked Vehicle,Not Applicable,No Defects,Property Damage Crash
Baltimore City,Daylight,Same Movement Angle,Raining,Other Vehicle,Not Applicable,View Obstructed,Injury Crash
Baltimore City,Daylight,Other,Raining,Parked Vehicle,Pedestrian,No Defects,Injury Crash
Baltimore City,Daylight,Same Direction Rear End,Raining,Other Vehicle,Other Vehicle,No Defects,Injury Crash
Anne Arundel,Daylight,Other,Raining,Parked Vehicle,Parked Vehicle,No Defects,Property Damage Crash
Prince George's,Dark No Lights,Opposite Direction Sideswipe,Raining,Other Vehicle,Not Applicable,"Holes, Ruts, Etc.",Property Damage Crash
Prince George's,Dark Lights On,Same Direction Rear End,Raining,Other Vehicle,Other Vehicle,No Defects,Property Damage Crash
Baltimore,Daylight,Same Direction Rear End,Raining,Other Vehicle,Not Applicable,No Defects,Injury Crash
Montgomery,Dark Lights On,Single Vehicle,Raining,Fixed Object,Fixed Object,No Defects,Property Damage Crash
Washington,Daylight,Single Vehicle,Raining,Fixed Object,Overturn,No Defects,Injury Crash
Montgomery,Dark Lights On,Not Applicable,Raining,Other Vehicle,Not Applicable,No Defects,Injury Crash
Baltimore,Daylight,Unknown,Raining,Not Applicable,Other Vehicle,No Defects,Property Damage Crash
Queen Anne's,Dark No Lights,Single Vehicle,Raining,Animal,Not Applicable,No Defects,Property Damage Crash
Baltimore,Daylight,Same Direction Rear End,Raining,Other Vehicle,Not Applicable,No Defects,Injury Crash
Baltimore,Daylight,Same Movement Angle,Raining,Other Vehicle,Other Vehicle,No Defects,Property Damage Crash
Baltimore City,Daylight,Single Vehicle,Raining,Other Vehicle,Fixed Object,No Defects,Property Damage Crash
Prince George's,Dark Lights On,Same Direction Both Left Turn,Raining,Other Vehicle,Not Applicable,No Defects,Property Damage Crash
Anne Arundel,Daylight,Single Vehicle,Raining,Fixed Object,Not Applicable,No Defects,Property Damage Crash
Baltimore,Dark Lights On,Unknown,Raining,Other Vehicle,Not Applicable,No Defects,Injury Crash
Prince George's,Not Applicable,Other,Raining,Parked Vehicle,Not Applicable,No Defects,Property Damage Crash
Baltimore City,Daylight,Same Direction Rear End,Raining,Other Vehicle,Parked Vehicle,No Defects,Property Damage Crash
Baltimore,Unknown,Unknown,Not Applicable,Other Vehicle,Not Applicable,No Defects,Property Damage Crash
Worcester,Daylight,Other,Raining,Other Vehicle,Not Applicable,No Defects,Property Damage Crash
Anne Arundel,Dark Lights On,Single Vehicle,Raining,Fixed Object,Not Applicable,No Defects,Injury Crash
Baltimore,Daylight,Same Direction Rear End,Raining,Other Vehicle,Other Vehicle,No Defects,Injury Crash
Montgomery,Dark Lights On,Same Direction Sideswipe,Raining,Other Vehicle,Not Applicable,No Defects,Property Damage Crash
Washington,Daylight,Head On,Clear,Other Vehicle,Not Applicable,No Defects,Property Damage Crash
Washington,Daylight,Single Vehicle,Not Applicable,Fixed Object,Not Applicable,No Defects,Injury Crash
Prince George's,Not Applicable,Other,Not Applicable,Other Vehicle,Not Applicable,No Defects,Property Damage Crash
Baltimore,Daylight,Same Direction Rear End,Raining,Other Vehicle,Other Vehicle,No Defects,Property Damage Crash
Montgomery,Daylight,Same Direction Rear End Right Turn,Raining,Other Vehicle,Not Applicable,No Defects,Property Damage Crash
Wicomico,Dark No Lights,Single Vehicle,Raining,Animal,Not Applicable,No Defects,Property Damage Crash
Anne Arundel,Daylight,Same Direction Left Turn,Raining,Other Vehicle,Not Applicable,No Defects,Property Damage Crash
Baltimore,Daylight,Single Vehicle,Raining,Fixed Object,Not Applicable,No Defects,Property Damage Crash
Prince George's,Daylight,Single Vehicle,Raining,Pedestrian,Not Applicable,No Defects,Property Damage Crash
Baltimore City,Dark Lights On,Same Direction Sideswipe,Raining,Parked Vehicle,Parked Vehicle,No Defects,Property Damage Crash
Prince George's,Daylight,Single Vehicle,Raining,Fixed Object,Fixed Object,No Defects,Injury Crash
Prince George's,Daylight,Angle Meets Right Turn,Raining,Not Applicable,Not Applicable,No Defects,Property Damage Crash
Calvert,Daylight,Single Vehicle,Raining,Fixed Object,Not Applicable,No Defects,Injury Crash
Baltimore,Daylight,Same Direction Rear End,Raining,Other Vehicle,Not Applicable,No Defects,Property Damage Crash
Prince George's,Daylight,Other,Raining,Parked Vehicle,Not Applicable,No Defects,Property Damage Crash
Anne Arundel,Daylight,Not Applicable,Raining,Parked Vehicle,Not Applicable,No Defects,Property Damage Crash
Anne Arundel,Daylight,Same Direction Rear End,Raining,Other Vehicle,Parked Vehicle,No Defects,Injury Crash
Montgomery,Daylight,Single Vehicle,Raining,Fixed Object,Not Applicable,No Defects,Property Damage Crash
Charles,Daylight,Same Movement Angle,Not Applicable,Other Vehicle,Not Applicable,No Defects,Property Damage Crash
Howard,Daylight,Single Vehicle,Raining,Fixed Object,Fixed Object,No Defects,Property Damage Crash
Montgomery,Daylight,Single Vehicle,Not Applicable,Pedestrian,Bicycle,No Defects,Injury Crash
Prince George's,Daylight,Opposite Direction Sideswipe,Raining,Other Vehicle,Other Vehicle,No Defects,Injury Crash
Baltimore,Daylight,Same Direction Rear End,Raining,Other Vehicle,Not Applicable,No Defects,Injury Crash
Baltimore,Daylight,Same Direction Rear End,Raining,Other Vehicle,Not Applicable,No Defects,Property Damage Crash
Baltimore,Dark Lights On,Other,Not Applicable,Parked Vehicle,Parked Vehicle,Not Applicable,Property Damage Crash
Baltimore,Dark Lights On,Same Direction Rear End,Raining,Other Vehicle,Other Vehicle,No Defects,Injury Crash
Anne Arundel,Daylight,Same Direction Rear End,Raining,Other Vehicle,Not Applicable,No Defects,Property Damage Crash
Prince George's,Daylight,Single Vehicle,Raining,Other,Other,No Defects,Property Damage Crash
Baltimore,Daylight,Single Vehicle,Raining,Overturn,Not Applicable,No Defects,Injury Crash
Prince George's,Dark Lights On,Same Direction Rear End,Raining,Other Vehicle,Other Vehicle,No Defects,Property Damage Crash
Baltimore City,Dark Lights On,Angle Meets Left Turn,Raining,Other Vehicle,Other Vehicle,No Defects,Injury Crash
Anne Arundel,Dark Lights On,Single Vehicle,Not Applicable,Fixed Object,Not Applicable,No Defects,Property Damage Crash
Baltimore,Dark Lights On,Opposite Direction Sideswipe,Raining,Other Vehicle,Other Vehicle,No Defects,Injury Crash
Prince George's,Daylight,Other,Raining,Parked Vehicle,Not Applicable,No Defects,Property Damage Crash
Anne Arundel,Daylight,Angle Meets Left Turn Head On,Raining,Other Vehicle,Not Applicable,No Defects,Property Damage Crash
Prince George's,Dark No Lights,Single Vehicle,Raining,Fixed Object,Not Applicable,No Defects,Property Damage Crash
Prince George's,Daylight,Same Direction Rear End,Not Applicable,Other Vehicle,Parked Vehicle,No Defects,Property Damage Crash
Baltimore City,Daylight,Same Movement Angle,Raining,Other Vehicle,Not Applicable,No Defects,Property Damage Crash
Baltimore,Not Applicable,Unknown,Not Applicable,Not Applicable,Not Applicable,No Defects,Property Damage Crash
Baltimore City,Daylight,Same Movement Angle,Raining,Other Vehicle,Parked Vehicle,No Defects,Injury Crash
Baltimore City,Daylight,Same Movement Angle,Raining,Other Vehicle,Not Applicable,No Defects,Injury Crash
Montgomery,Daylight,Same Movement Angle,Raining,Other Vehicle,Other Vehicle,No Defects,Injury Crash
Harford,Daylight,Same Direction Rear End,Raining,Other Vehicle,Not Applicable,No Defects,Property Damage Crash
Baltimore City,Dark Lights On,Head On Left Turn,Raining,Other Vehicle,Parked Vehicle,No Defects,Property Damage Crash
Montgomery,Daylight,Single Vehicle,Raining,Fixed Object,Fixed Object,No Defects,Injury Crash
Baltimore City,Daylight,Same Direction Sideswipe,Raining,Other Vehicle,Not Applicable,No Defects,Property Damage Crash
St. Mary's,Daylight,Same Direction Rear End,Raining,Other Vehicle,Not Applicable,No Defects,Property Damage Crash
Baltimore,Daylight,Single Vehicle,Raining,Fixed Object,Not Applicable,No Defects,Property Damage Crash
Baltimore City,Daylight,Other,Raining,Other Non Collision,Not Applicable,Not Applicable,Injury Crash
Baltimore,Daylight,Same Direction Sideswipe,Raining,Other Vehicle,Not Applicable,No Defects,Property Damage Crash
Montgomery,Daylight,Other,Raining,Other Vehicle,Not Applicable,No Defects,Property Damage Crash
Howard,Daylight,Single Vehicle,Raining,Animal,Not Applicable,No Defects,Property Damage Crash
Baltimore City,Dark Lights On,Single Vehicle,Raining,Fixed Object,Fixed Object,No Defects,Property Damage Crash
Baltimore,Daylight,Opposite Direction Both Left Turn,Raining,Other Vehicle,Not Applicable,No Defects,Property Damage Crash
Prince George's,Daylight,Single Vehicle,Raining,Off Road,Fixed Object,No Defects,Injury Crash
Howard,Daylight,Single Vehicle,Raining,Other Vehicle,Not Applicable,No Defects,Injury Crash
Baltimore City,Daylight,Head On Left Turn,Raining,Other Vehicle,Fixed Object,No Defects,Injury Crash
Baltimore City,Daylight,Opposite Direction Sideswipe,Raining,Other Vehicle,Not Applicable,No Defects,Injury Crash
Anne Arundel,Daylight,Same Direction Rear End,Raining,Other Vehicle,Not Applicable,No Defects,Property Damage Crash
Baltimore City,Daylight,Same Movement Angle,Raining,Other Vehicle,Not Applicable,No Defects,Property Damage Crash
Prince George's,Daylight,Head On Left Turn,Raining,Other Vehicle,Other Vehicle,No Defects,Property Damage Crash
Montgomery,Daylight,Same Movement Angle,Raining,Other Vehicle,Not Applicable,No Defects,Injury Crash
Baltimore,Daylight,Head On Left Turn,Raining,Other Vehicle,Not Applicable,No Defects,Property Damage Crash
Anne Arundel,Daylight,Single Vehicle,Not Applicable,Off Road,Off Road,No Defects,Property Damage Crash
Charles,Dark No Lights,Single Vehicle,Raining,Fixed Object,Overturn,No Defects,Injury Crash
Prince George's,Daylight,Same Movement Angle,Raining,Other Vehicle,Not Applicable,No Defects,Property Damage Crash
Prince George's,Daylight,Head On Left Turn,Raining,Other Vehicle,Fixed Object,Not Applicable,Injury Crash
Montgomery,Daylight,Same Movement Angle,Raining,Other Vehicle,Not Applicable,No Defects,Injury Crash
Prince George's,Dark Lights On,Same Movement Angle,Not Applicable,Other Vehicle,Not Applicable,No Defects,Property Damage Crash
Montgomery,Daylight,Single Vehicle,Raining,Pedestrian,Not Applicable,No Defects,Injury Crash
Baltimore City,Daylight,Single Vehicle,Raining,Fixed Object,Not Applicable,No Defects,Injury Crash
Baltimore,Daylight,Other,Raining,Other Vehicle,Other Vehicle,No Defects,Property Damage Crash
Baltimore City,Dark Lights On,Other,Raining,Parked Vehicle,Fixed Object,No Defects,Property Damage Crash
Frederick,Daylight,Single Vehicle,Raining,Fixed Object,Not Applicable,No Defects,Property Damage Crash