county_desc,light_desc,collision_type_desc,weather_desc,harm_event_desc1,harm_event_desc2,rd_cond_desc,report_type
Baltimore,Daylight,Single Vehicle,Raining,Off Road,Fixed Object,No Defects,Property Damage Crash
Baltimore,Daylight,Single Vehicle,Raining,Downhill Roadway,Not Applicable,No Defects,Property Damage Crash
Wicomico,Daylight,Single Vehicle,Not Applicable,Fixed Object,Not Applicable,No Defects,Property Damage Crash
Baltimore City,Daylight,Same Movement Angle,Raining,Other Vehicle,Other Vehicle,No Defects,Property Damage Crash
Cecil,Daylight,Same Direction Rear End,Raining,Other Vehicle,Other Vehicle,No Defects,Injury Crash
Anne Arundel,Daylight,Same Direction Sideswipe,Not Applicable,Parked Vehicle,Not Applicable,No Defects,Property Damage Crash
Charles,Daylight,Same Movement Angle,Raining,Other Vehicle,Fixed Object,No Defects,Property Damage Crash
Montgomery,Dark Lights On,Same Movement Angle,Raining,Other Vehicle,Not Applicable,No Defects,Injury Crash
Baltimore City,Dark Lights On,Same Direction Rear End,Raining,Not Applicable,Not Applicable,No Defects,Property Damage Crash
Montgomery,Dark Lights On,Other,Raining,Parked Vehicle,Not Applicable,No Defects,Property Damage Crash
Baltimore City,Daylight,Same Direction Right Turn,Raining,Other Vehicle,Parked Vehicle,No Defects,Property Damage Crash
Anne Arundel,Dark No Lights,Single Vehicle,Raining,Off Road,Fixed Object,No Defects,Injury Crash
Charles,Daylight,Same Direction Left Turn,Raining,Other Vehicle,Fixed Object,No Defects,Injury Crash
Baltimore,Daylight,Single Vehicle,Raining,Pedestrian,Not Applicable,No Defects,Property Damage Crash
Baltimore,Daylight,Same Direction Rear End,Clear,Other Vehicle,Not Applicable,No Defects,Property Damage Crash
Montgomery,Dark No Lights,Single Vehicle,Raining,Animal,Not Applicable,No Defects,Property Damage Crash
Prince George's,Dark Lights On,Same Direction Rear End,Raining,Other Vehicle,Not Applicable,No Defects,Injury Crash
Prince George's,Daylight,Same Direction Right Turn,Raining,Other Vehicle,Other Vehicle,Not Applicable,Property Damage Crash
Prince George's,Daylight,Same Direction Rear End,Raining,Other Vehicle,Not Applicable,Not Applicable,Property Damage Crash
Montgomery,Unknown,Head On,Not Applicable,Fixed Object,Parked Vehicle,Unknown,Property Damage Crash
Montgomery,Daylight,Same Movement Angle,Raining,Other Vehicle,Not Applicable,No Defects,Property Damage Crash
Baltimore,Daylight,Unknown,Unknown,Parked Vehicle,Not Applicable,No Defects,Property Damage Crash
Baltimore City,Daylight,Head On,Raining,Other Vehicle,Not Applicable,No Defects,Property Damage Crash
Anne Arundel,Daylight,Same Direction Rear End,Raining,Other Vehicle,Not Applicable,No Defects,Property Damage Crash
Prince George's,Dark Lights On,Same Direction Rear End,Raining,Other Vehicle,Other Vehicle,No Defects,Property Damage Crash
Prince George's,Daylight,Other,Not Applicable,Other Vehicle,Not Applicable,No Defects,Property Damage Crash
Baltimore,Daylight,Single Vehicle,Raining,Other Non Collision,Fixed Object,No Defects,Property Damage Crash
Charles,Daylight,Other,Raining,Parked Vehicle,Fixed Object,No Defects,Property Damage Crash
Baltimore City,Daylight,Single Vehicle,Raining,Other Object,Not Applicable,No Defects,Property Damage Crash
Anne Arundel,Daylight,Single Vehicle,Raining,Pedestrian,Fixed Object,No Defects,Injury Crash
Wicomico,Daylight,Same Movement Angle,Raining,Other Vehicle,Not Applicable,No Defects,Injury Crash
Anne Arundel,Daylight,Same Direction Rear End,Raining,Other Vehicle,Not Applicable,No Defects,Property Damage Crash
Baltimore City,Daylight,Single Vehicle,Not Applicable,Fixed Object,Fixed Object,No Defects,Injury Crash
Baltimore City,Dark Lights On,Same Direction Sideswipe,Raining,Parked Vehicle,Not Applicable,No Defects,Property Damage Crash
Baltimore,Daylight,Same Direction Rear End,Raining,Other Vehicle,Not Applicable,No Defects,Property Damage Crash
Prince George's,Not Applicable,Other,Raining,Other Vehicle,Not Applicable,Not Applicable,Property Damage Crash
Baltimore City,Dark Lights On,Same Direction Left Turn,Raining,Other Vehicle,Other Vehicle,No Defects,Property Damage Crash
Baltimore City,Daylight,Same Direction Rear End,Raining,Other Vehicle,Other Vehicle,No Defects,Injury Crash
Montgomery,Dark Lights On,Same Movement Angle,Raining,Other Vehicle,Not Applicable,No Defects,Property Damage Crash
Prince George's,Dark Lights On,Other,Raining,Parked Vehicle,Not Applicable,Not Applicable,Property Damage Crash
Prince George's,Daylight,Other,Raining,Other Vehicle,Other Vehicle,No Defects,Property Damage Crash
Baltimore,Daylight,Other,Raining,Other Vehicle,Other Object,No Defects,Property Damage Crash
Prince George's,Daylight,Same Movement Angle,Raining,Other Vehicle,Not Applicable,No Defects,Property Damage Crash
Baltimore City,Dark Lights On,Other,Raining,Other Vehicle,Parked Vehicle,No Defects,Property Damage Crash
Baltimore,Dark Lights On,Same Direction Sideswipe,Raining,Parked Vehicle,Not Applicable,No Defects,Property Damage Crash
Washington,Daylight,Same Direction Rear End,Raining,Other Vehicle,Not Applicable,No Defects,Property Damage Crash
Baltimore,Daylight,Single Vehicle,Clear,Other Vehicle,Not Applicable,No Defects,Property Damage Crash
Wicomico,Daylight,Other,Raining,Other Vehicle,Not Applicable,No Defects,Injury Crash
Baltimore City,Daylight,Other,Raining,Pedestrian,Not Applicable,No Defects,Injury Crash
Charles,Dark Lights On,Single Vehicle,Raining,Fixed Object,Not Applicable,Shoulder Defect,Property Damage Crash
Allegany,Dark Lights On,Single Vehicle,Not Applicable,Not Applicable,Not Applicable,No Defects,Property Damage Crash
Montgomery,Daylight,Single Vehicle,Raining,Pedestrian,Not Applicable,No Defects,Injury Crash
Baltimore City,Daylight,Same Direction Right Turn,Raining,Other Vehicle,Not Applicable,No Defects,Injury Crash
Allegany,Daylight,Other,Raining,Other Vehicle,Units Separated,Not Applicable,Property Damage Crash
Baltimore City,Dark Lights On,Same Direction Rear End,Not Applicable,Other Vehicle,Other Vehicle,No Defects,Property Damage Crash
Montgomery,Daylight,Same Movement Angle,Raining,Other Vehicle,Not Applicable,No Defects,Property Damage Crash
Baltimore,Daylight,Same Movement Angle,Raining,Other Vehicle,Other Vehicle,No Defects,Property Damage Crash
St. Mary's,Daylight,Same Direction Sideswipe,Raining,Fixed Object,Other Vehicle,No Defects,Injury Crash
Anne Arundel,Dark Lights On,Single Vehicle,Raining,Off Road,Overturn,No Defects,Injury Crash
Montgomery,Dark Lights On,Same Direction Rear End,Raining,Other Vehicle,Fixed Object,No Defects,Injury Crash
Prince George's,Dark Lights On,Same Direction Rear End,Raining,Not Applicable,Not Applicable,No Defects,Property Damage Crash
Baltimore,Dark Lights On,Single Vehicle,Not Applicable,Fixed Object,Not Applicable,No Defects,Injury Crash
Montgomery,Daylight,Single Vehicle,Not Applicable,Fixed Object,Not Applicable,No Defects,Property Damage Crash
Baltimore City,Daylight,Other,Raining,Other Vehicle,Not Applicable,No Defects,Injury Crash
Baltimore City,Dark Lights On,Single Vehicle,Raining,Pedestrian,Not Applicable,No Defects,Injury Crash
Prince George's,Daylight,Same Direction Right Turn,Raining,Other Vehicle,Not Applicable,No Defects,Property Damage Crash
Baltimore City,Daylight,Same Direction Rear End,Raining,Not Applicable,Not Applicable,No Defects,Property Damage Crash
Anne Arundel,Daylight,Same Direction Rear End,Raining,Other Vehicle,Fixed Object,No Defects,Injury Crash
Baltimore City,Dark Lights On,Same Movement Angle,Raining,Other Vehicle,Other Vehicle,No Defects,Property Damage Crash
Baltimore,Dark Lights On,Same Direction Rear End,Raining,Other Vehicle,Not Applicable,No Defects,Injury Crash
Prince George's,Daylight,Head On,Not Applicable,Other Vehicle,Fixed Object,No Defects,Property Damage Crash
Harford,Daylight,Other,Raining,Other Vehicle,Fixed Object,No Defects,Injury Crash
Baltimore,Daylight,Angle Meets Left Turn,Raining,Other Vehicle,Not Applicable,No Defects,Injury Crash
Frederick,Daylight,Other,Raining,Fixed Object,Not Applicable,No Defects,Property Damage Crash
Montgomery,Daylight,Other,Raining,Pedestrian,Not Applicable,No Defects,Injury Crash
Baltimore City,Daylight,Same Movement Angle,Raining,Pedestrian,Not Applicable,No Defects,Injury Crash
Anne Arundel,Daylight,Same Direction Left Turn,Raining,Other Vehicle,Not Applicable,No Defects,Property Damage Crash
Anne Arundel,Daylight,Same Direction Sideswipe,Not Applicable,Other Vehicle,Not Applicable,No Defects,Property Damage Crash
Montgomery,Daylight,Same Direction Sideswipe,Raining,Other Vehicle,Not Applicable,Other,Property Damage Crash
Baltimore City,Daylight,Single Vehicle,Not Applicable,Fixed Object,Other Vehicle,No Defects,Property Damage Crash
St. Mary's,Daylight,Single Vehicle,Raining,Fixed Object,Fixed Object,No Defects,Property Damage Crash
Baltimore City,Daylight,Same Direction Sideswipe,Raining,Other Vehicle,Not Applicable,No Defects,Property Damage Crash
Montgomery,Daylight,Single Vehicle,Raining,Fixed Object,Not Applicable,No Defects,Property Damage Crash
Baltimore,Dark Lights On,Head On Left Turn,Raining,Other Vehicle,Other Vehicle,No Defects,Property Damage Crash
Baltimore City,Daylight,Single Vehicle,Raining,Not Applicable,Not Applicable,No Defects,Property Damage Crash
Anne Arundel,Daylight,Single Vehicle,Not Applicable,Other Vehicle,Not Applicable,No Defects,Property Damage Crash
Prince George's,Daylight,Same Direction Left Turn,Raining,Other Vehicle,Other Vehicle,No Defects,Property Damage Crash
Baltimore City,Dark Lights On,Single Vehicle,Raining,Fixed Object,Not Applicable,No Defects,Property Damage Crash
Prince George's,Daylight,Single Vehicle,Raining,Fixed Object,Not Applicable,No Defects,Property Damage Crash
Cecil,Dark Lights On,Single Vehicle,Raining,Fixed Object,Not Applicable,No Defects,Property Damage Crash
Baltimore City,Daylight,Same Direction Rear End,Not Applicable,Other Vehicle,Other Vehicle,No Defects,Injury Crash
Frederick,Daylight,Same Direction Rear End,Raining,Other Vehicle,Other Vehicle,No Defects,Property Damage Crash
Baltimore,Daylight,Single Vehicle,Raining,Pedestrian,Not Applicable,No Defects,Fatal Crash
Baltimore,Daylight,Same Direction Sideswipe,Raining,Other Vehicle,Not Applicable,No Defects,Property Damage Crash
Baltimore,Dark Lights On,Single Vehicle,Raining,Fixed Object,Fixed Object,No Defects,Property Damage Crash
Anne Arundel,Daylight,Head On Left Turn,Raining,Other Vehicle,Not Applicable,No Defects,Property Damage Crash
Baltimore City,Dark Lights On,Same Direction Rear End Left Turn,Raining,Other Vehicle,Other Vehicle,No Defects,Injury Crash
Baltimore,Daylight,Same Direction Rear End,Raining,Other Vehicle,Not Applicable,No Defects,Property Damage Crash
Baltimore,Daylight,Head On Left Turn,Raining,Other Vehicle,Not Applicable,No Defects,Property Damage Crash
Baltimore,Daylight,Single Vehicle,Raining,Fixed Object,Not Applicable,No Defects,Property Damage Crash
Baltimore,Daylight,Single Vehicle,Raining,Off Road,Overturn,Loose Surface Material,Property Damage Crash
Prince George's,Daylight,Single Vehicle,Raining,Unknown,Not Applicable,No Defects,Property Damage Crash
Montgomery,Daylight,Other,Raining,Other Object,Not Applicable,No Defects,Property Damage Crash
Montgomery,Daylight,Same Direction Sideswipe,Raining,Bicycle,Not Applicable,No Defects,Injury Crash
Baltimore City,Daylight,Same Movement Angle,Raining,Other Vehicle,Not Applicable,No Defects,Property Damage Crash
Baltimore,Daylight,Same Direction Rear End,Raining,Other Vehicle,Not Applicable,No Defects,Property Damage Crash
Baltimore City,Dark Lights On,Other,Raining,Other Vehicle,Not Applicable,No Defects,Injury Crash
Prince George's,Daylight,Same Direction Sideswipe,Raining,Other Vehicle,Other Vehicle,No Defects,Property Damage Crash
Anne Arundel,Daylight,Other,Raining,Parked Vehicle,Parked Vehicle,No Defects,Property Damage Crash
Cecil,Daylight,Same Movement Angle,Raining,Other Vehicle,Not Applicable,No Defects,Property Damage Crash
Prince George's,Daylight,Single Vehicle,Raining,Fixed Object,Fixed Object,No Defects,Property Damage Crash
Carroll,Daylight,Head On,Raining,Other Vehicle,Not Applicable,No Defects,Property Damage Crash
Baltimore City,Daylight,Same Direction Sideswipe,Raining,Parked Vehicle,Not Applicable,No Defects,Property Damage Crash
Montgomery,Daylight,Single Vehicle,Raining,Pedestrian,Not Applicable,No Defects,Injury Crash
Baltimore,Daylight,Other,Raining,Other Vehicle,Not Applicable,No Defects,Property Damage Crash
Howard,Daylight,Same Direction Rear End,Raining,Other Vehicle,Fixed Object,No Defects,Injury Crash
Baltimore,Dark Lights On,Same Movement Angle,Raining,Other Vehicle,Not Applicable,No Defects,Injury Crash
Harford,Daylight,Other,Raining,Parked Vehicle,Parked Vehicle,No Defects,Property Damage Crash
Anne Arundel,Daylight,Single Vehicle,Raining,Fixed Object,Not Applicable,No Defects,Injury Crash
Baltimore,Dark No Lights,Single Vehicle,Raining,Fixed Object,Not Applicable,No Defects,Property Damage Crash
Carroll,Daylight,Same Direction Rear End,Not Applicable,Other Vehicle,Other Vehicle,No Defects,Injury Crash
Baltimore City,Daylight,Same Movement Angle,Raining,Other Vehicle,Other Vehicle,No Defects,Property Damage Crash
Worcester,Daylight,Same Direction Sideswipe,Raining,Parked Vehicle,Not Applicable,No Defects,Property Damage Crash
Anne Arundel,Daylight,Same Movement Angle,Raining,Other Vehicle,Not Applicable,No Defects,Property Damage Crash
Montgomery,Daylight,Other,Not Applicable,Other Vehicle,Not Applicable,No Defects,Property Damage Crash
Montgomery,Daylight,Single Vehicle,Raining,Fixed Object,Not Applicable,No Defects,Property Damage Crash
Charles,Daylight,Same Movement Angle,Raining,Other Vehicle,Not Applicable,No Defects,Property Damage Crash
Montgomery,Dark Lights On,Same Movement Angle,Raining,Other Vehicle,Not Applicable,No Defects,Injury Crash
Prince George's,Daylight,Same Movement Angle,Raining,Other Vehicle,Other Vehicle,No Defects,Property Damage Crash
Dorchester,Dark No Lights,Other,Raining,Parked Vehicle,Not Applicable,No Defects,Property Damage Crash
Prince George's,Daylight,Same Direction Rear End,Raining,Other Vehicle,Other Vehicle,No Defects,Property Damage Crash
Baltimore City,Daylight,Same Movement Angle,Raining,Other Vehicle,Not Applicable,No Defects,Property Damage Crash
Baltimore City,Daylight,Same Direction Rear End,Raining,Other Vehicle,Not Applicable,No Defects,Property Damage Crash
Anne Arundel,Daylight,Not Applicable,Raining,Parked Vehicle,Not Applicable,No Defects,Property Damage Crash
Prince George's,Daylight,Same Movement Angle,Raining,Other Vehicle,Not Applicable,No Defects,Property Damage Crash
Montgomery,Daylight,Same Movement Angle,Raining,Other Vehicle,Not Applicable,No Defects,Property Damage Crash
Harford,Daylight,Other,Raining,Parked Vehicle,Not Applicable,No Defects,Property Damage Crash
Baltimore,Daylight,Same Direction Right Turn,Raining,Other Vehicle,Not Applicable,No Defects,Property Damage Crash
Carroll,Daylight,Same Movement Angle,Raining,Fixed Object,Other Vehicle,No Defects,Property Damage Crash
Worcester,Dark Lights On,Single Vehicle,Raining,Other Vehicle,Other Vehicle,No Defects,Property Damage Crash
St. Mary's,Daylight,Same Direction Rear End,Raining,Thrown or Falling Object,Not Applicable,No Defects,Property Damage Crash
Baltimore City,Daylight,Same Direction Rear End,Raining,Other Vehicle,Not Applicable,No Defects,Property Damage Crash
Baltimore City,Daylight,Same Movement Angle,Raining,Other Vehicle,Not Applicable,No Defects,Property Damage Crash
Baltimore,Daylight,Same Direction Rear End,Raining,Parked Vehicle,Fixed Object,No Defects,Property Damage Crash
Garrett,Dark No Lights,Single Vehicle,Raining,Fixed Object,Not Applicable,No Defects,Injury Crash
Baltimore,Dark Lights On,Same Movement Angle,Not Applicable,Animal,Not Applicable,No Defects,Property Damage Crash
Harford,Daylight,Single Vehicle,Raining,Off Road,Not Applicable,No Defects,Injury Crash
Montgomery,Daylight,Same Movement Angle,Raining,Fixed Object,Other Vehicle,No Defects,Property Damage Crash
Kent,Daylight,Same Movement Angle,Raining,Other Vehicle,Not Applicable,No Defects,Property Damage Crash
Baltimore,Dark Lights On,Single Vehicle,Raining,Other Vehicle,Not Applicable,No Defects,Property Damage Crash
Baltimore,Daylight,Same Direction Sideswipe,Raining,Other Vehicle,Not Applicable,No Defects,Property Damage Crash
Anne Arundel,Not Applicable,Same Movement Angle,Raining,Other Vehicle,Not Applicable,No Defects,Property Damage Crash
Baltimore City,Dark Lights On,Same Movement Angle,Raining,Other Vehicle,Not Applicable,No Defects,Property Damage Crash
Anne Arundel,Daylight,Single Vehicle,Raining,Fixed Object,Fixed Object,No Defects,Injury Crash
Anne Arundel,Dark Lights On,Same Direction Rear End,Raining,Other Vehicle,Not Applicable,No Defects,Property Damage Crash
Baltimore City,Daylight,Not Applicable,Raining,Parked Vehicle,Not Applicable,No Defects,Property Damage Crash
Harford,Dark Lights On,Same Movement Angle,Raining,Other Vehicle,Other Vehicle,No Defects,Property Damage Crash
Washington,Daylight,Other,Raining,Fixed Object,Not Applicable,No Defects,Property Damage Crash
Howard,Daylight,Same Direction Rear End,Raining,Other Vehicle,Not Applicable,No Defects,Property Damage Crash
Anne Arundel,Dark No Lights,Single Vehicle,Raining,Off Road,Fixed Object,No Defects,Injury Crash
Baltimore City,Daylight,Same Direction Rear End,Raining,Other Vehicle,Other Vehicle,No Defects,Property Damage Crash
Howard,Daylight,Same Direction Sideswipe,Raining,Other Vehicle,Not Applicable,No Defects,Property Damage Crash
Howard,Daylight,Same Movement Angle,Raining,Other Vehicle,Not Applicable,No Defects,Injury Crash
Baltimore,Dark No Lights,Other,Raining,Parked Vehicle,Not Applicable,No Defects,Property Damage Crash
Prince George's,Daylight,Same Direction Sideswipe,Raining,Other Vehicle,Not Applicable,No Defects,Property Damage Crash
Harford,Dark No Lights,Single Vehicle,Raining,Fixed Object,Overturn,No Defects,Property Damage Crash
Howard,Daylight,Head On Left Turn,Not Applicable,Other Vehicle,Not Applicable,No Defects,Injury Crash
Baltimore,Dark Lights On,Same Direction Rear End,Raining,Other Vehicle,Not Applicable,No Defects,Injury Crash
Calvert,Daylight,Other,Raining,Off Road,Parked Vehicle,No Defects,Injury Crash
Anne Arundel,Daylight,Same Direction Rear End,Raining,Other Vehicle,Not Applicable,No Defects,Property Damage Crash
Montgomery,Dark Lights On,Head On Left Turn,Raining,Other Vehicle,Not Applicable,No Defects,Property Damage Crash
Baltimore City,Daylight,Other,Not Applicable,Other Vehicle,Not Applicable,No Defects,Property Damage Crash
Prince George's,Daylight,Other,Raining,Other Vehicle,Not Applicable,No Defects,Property Damage Crash
Montgomery,Dark Lights On,Single Vehicle,Raining,Fixed Object,Fixed Object,No Defects,Property Damage Crash
Baltimore City,Daylight,Same Direction Rear End,Not Applicable,Parked Vehicle,Parked Vehicle,Not Applicable,Property Damage Crash
Baltimore,Dark Lights On,Same Direction Sideswipe,Not Applicable,Other Vehicle,Fixed Object,No Defects,Property Damage Crash
Prince George's,Daylight,Single Vehicle,Clear,Other Vehicle,Fixed Object,No Defects,Property Damage Crash
Baltimore,Unknown,Unknown,Raining,Parked Vehicle,Not Applicable,No Defects,Property Damage Crash
Harford,Daylight,Other,Raining,Parked Vehicle,Not Applicable,No Defects,Property Damage Crash
Prince George's,Dark No Lights,Other,Raining,Other Vehicle,Not Applicable,No Defects,Property Damage Crash
Anne Arundel,Dark Lights On,Single Vehicle,Raining,Fixed Object,Fixed Object,No Defects,Property Damage Crash
Baltimore,Daylight,Other,Raining,Other,Other Vehicle,No Defects,Property Damage Crash
Baltimore,Dark Lights On,Head On,Raining,Parked Vehicle,Not Applicable,No Defects,Property Damage Crash
Montgomery,Daylight,Same Movement Angle,Raining,Other Vehicle,Not Applicable,"Holes, Ruts, Etc.",Injury Crash
Anne Arundel,Daylight,Same Movement Angle,Raining,Other Vehicle,Not Applicable,No Defects,Property Damage Crash
Baltimore,Unknown,Single Vehicle,Raining,Fixed Object,Fixed Object,No Defects,Property Damage Crash
Baltimore,Daylight,Single Vehicle,Raining,Fixed Object,Not Applicable,No Defects,Property Damage Crash
Baltimore,Daylight,Same Direction Rear End,Raining,Other Vehicle,Other Vehicle,No Defects,Injury Crash
Prince George's,Dark Lights On,Unknown,Raining,Other Vehicle,Not Applicable,No Defects,Property Damage Crash
Montgomery,Daylight,Same Direction Sideswipe,Raining,Other Vehicle,Not Applicable,No Defects,Property Damage Crash
Prince George's,Daylight,Same Direction Rear End Left Turn,Raining,Other Vehicle,Not Applicable,No Defects,Injury Crash
Howard,Dark No Lights,Single Vehicle,Raining,Fixed Object,Off Road,No Defects,Injury Crash
Montgomery,Daylight,Same Direction Sideswipe,Raining,Other Vehicle,Fixed Object,No Defects,Property Damage Crash
Baltimore City,Daylight,Same Direction Rear End,Raining,Other Vehicle,Not Applicable,No Defects,Property Damage Crash
Baltimore,Daylight,Same Movement Angle,Raining,Parked Vehicle,Not Applicable,No Defects,Property Damage Crash
Baltimore City,Daylight,Other,Raining,Other Vehicle,Other Vehicle,Unknown,Property Damage Crash
Howard,Daylight,Single Vehicle,Raining,Other Non Collision,Fixed Object,Not Applicable,Property Damage Crash
Charles,Daylight,Single Vehicle,Raining,Fixed Object,Not Applicable,No Defects,Property Damage Crash
Somerset,Daylight,Head On Left Turn,Raining,Other Vehicle,Not Applicable,No Defects,Property Damage Crash
Worcester,Daylight,Same Movement Angle,Raining,Other Vehicle,Not Applicable,No Defects,Property Damage Crash
St. Mary's,Daylight,Head On,Raining,Other Vehicle,Fixed Object,No Defects,Injury Crash
Worcester,Dark No Lights,Single Vehicle,Raining,Animal,Not Applicable,No Defects,Property Damage Crash
Cecil,Daylight,Same Direction Rear End,Raining,Other Vehicle,Other Vehicle,No Defects,Property Damage Crash
Montgomery,Dark Lights On,Same Direction Sideswipe,Raining,Other Vehicle,Fixed Object,No Defects,Property Damage Crash
Prince George's,Daylight,Other,Raining,Parked Vehicle,Not Applicable,No Defects,Property Damage Crash
Calvert,Daylight,Head On,Raining,Other Vehicle,Not Applicable,No Defects,Property Damage Crash
Baltimore City,Daylight,Same Direction Left Turn,Raining,Other Vehicle,Other Vehicle,Not Applicable,Property Damage Crash
Prince George's,Daylight,Other,Raining,Not Applicable,Other Vehicle,No Defects,Property Damage Crash
Anne Arundel,Daylight,Not Applicable,Raining,Fixed Object,Not Applicable,No Defects,Property Damage Crash
Baltimore City,Daylight,Same Direction Left Turn,Raining,Other Vehicle,Other Vehicle,No Defects,Property Damage Crash
Queen Anne's,Unknown,Unknown,Unknown,Fixed Object,Fixed Object,No Defects,Property Damage Crash
Baltimore,Daylight,Single Vehicle,Raining,Off Road,Fixed Object,No Defects,Property Damage Crash
Prince George's,Daylight,Same Direction Rear End,Raining,Other Vehicle,Not Applicable,No Defects,Injury Crash
Baltimore City,Dark Lights On,Single Vehicle,Raining,Fixed Object,Not Applicable,No Defects,Property Damage Crash
Baltimore City,Daylight,Other,Raining,Pedestrian,Not Applicable,No Defects,Injury Crash
Howard,Dark No Lights,Single Vehicle,Raining,Off Road,Fixed Object,No Defects,Property Damage Crash
Baltimore City,Daylight,Same Direction Rear End,Raining,Other Vehicle,Parked Vehicle,Unknown,Property Damage Crash
Prince George's,Daylight,Same Direction Rear End,Raining,Other Vehicle,Not Applicable,No Defects,Property Damage Crash
Howard,Daylight,Same Direction Rear End,Raining,Other Vehicle,Not Applicable,No Defects,Injury Crash
Howard,Daylight,Head On,Raining,Other Vehicle,Other Vehicle,No Defects,Injury Crash
Prince George's,Daylight,Same Movement Angle,Raining,Other Vehicle,Other Vehicle,No Defects,Property Damage Crash
Worcester,Dark No Lights,Single Vehicle,Raining,Animal,Not Applicable,No Defects,Property Damage Crash
Prince George's,Dark Lights On,Same Direction Sideswipe,Raining,Other Vehicle,Fixed Object,No Defects,Injury Crash
Baltimore,Daylight,Same Direction Sideswipe,Raining,Other Vehicle,Fixed Object,No Defects,Injury Crash
Baltimore,Daylight,Same Direction Rear End,Raining,Other Vehicle,Not Applicable,Unknown,Property Damage Crash
Queen Anne's,Dark No Lights,Single Vehicle,Raining,Animal,Not Applicable,No Defects,Property Damage Crash
Prince George's,Daylight,Single Vehicle,Raining,Off Road,Not Applicable,No Defects,Injury Crash
St. Mary's,Dark Lights On,Single Vehicle,Raining,Explosion or Fire,Not Applicable,No Defects,Property Damage Crash
Washington,Daylight,Single Vehicle,Raining,Fixed Object,Not Applicable,No Defects,Property Damage Crash
Baltimore City,Daylight,Other,Raining,Other Vehicle,Other Vehicle,No Defects,Property Damage Crash
Baltimore,Dark No Lights,Single Vehicle,Raining,Off Road,Fixed Object,No Defects,Property Damage Crash
Frederick,Daylight,Other,Raining,Other Vehicle,Not Applicable,No Defects,Property Damage Crash
Anne Arundel,Daylight,Single Vehicle,Raining,Fixed Object,Overturn,No Defects,Injury Crash
Carroll,Daylight,Same Direction Rear End,Raining,Other Vehicle,Not Applicable,No Defects,Injury Crash
Baltimore,Daylight,Other,Raining,Other Pedalcycle,Not Applicable,No Defects,Injury Crash
Baltimore City,Daylight,Same Direction Right Turn,Raining,Parked Vehicle,Parked Vehicle,Not Applicable,Property Damage Crash
Prince George's,Dark Lights On,Head On Left Turn,Raining,Other Vehicle,Other Vehicle,No Defects,Injury Crash
Worcester,Daylight,Head On,Raining,Other Vehicle,Fixed Object,No Defects,Property Damage Crash
Baltimore,Dark Lights On,Single Vehicle,Raining,Other Non Collision,Fixed Object,No Defects,Property Damage Crash
Howard,Dark No Lights,Same Direction Rear End,Raining,Other Vehicle,Off Road,No Defects,Injury Crash
Baltimore City,Daylight,Same Movement Angle,Raining,Other Vehicle,Not Applicable,Not Applicable,Injury Crash
Harford,Daylight,Single Vehicle,Raining,Fixed Object,Not Applicable,No Defects,Injury Crash
Harford,Daylight,Same Movement Angle,Raining,Other Vehicle,Not Applicable,No Defects,Injury Crash
Harford,Daylight,Same Direction Rear End,Raining,Other Vehicle,Not Applicable,No Defects,Injury Crash
Baltimore,Daylight,Other,Raining,Parked Vehicle,Not Applicable,Not Applicable,Property Damage Crash
Prince George's,Daylight,Same Direction Rear End,Raining,Other Vehicle,Not Applicable,No Defects,Injury Crash
Baltimore,Dark Lights On,Other,Raining,Fixed Object,Parked Vehicle,No Defects,Injury Crash
Carroll,Daylight,Other,Raining,Other Vehicle,Not Applicable,No Defects,Injury Crash
Baltimore,Daylight,Same Direction Rear End,Raining,Other Vehicle,Other Vehicle,No Defects,Property Damage Crash
Baltimore City,Daylight,Angle Meets Right Turn,Raining,Other Vehicle,Other Vehicle,Not Applicable,Injury Crash
Baltimore City,Daylight,Same Direction Rear End,Raining,Other Vehicle,Other Vehicle,No Defects,Property Damage Crash
Prince George's,Dark Lights On,Single Vehicle,Raining,Fixed Object,Not Applicable,No Defects,Property Damage Crash
Baltimore City,Daylight,Same Direction Rear End,Raining,Other Vehicle,Not Applicable,No Defects,Property Damage Crash
Prince George's,Daylight,Same Direction Right Turn,Raining,Other Vehicle,Not Applicable,No Defects,Property Damage Crash
Baltimore City,Dark Lights On,Same Direction Rear End,Raining,Other Vehicle,Not Applicable,No Defects,Property Damage Crash
Howard,Dark Lights On,Single Vehicle,Raining,Fixed Object,Not Applicable,No Defects,Property Damage Crash
Prince George's,Daylight,Single Vehicle,Raining,Fixed Object,Not Applicable,No Defects,Property Damage Crash
Howard,Dark No Lights,Single Vehicle,Raining,Fixed Object,Overturn,No Defects,Fatal Crash
Baltimore City,Daylight,Same Direction Left Turn,Raining,Other Vehicle,Not Applicable,No Defects,Injury Crash
Baltimore City,Dark Lights On,Single Vehicle,Cloudy,Other Vehicle,Fixed Object,No Defects,Property Damage Crash
Baltimore,Daylight,Single Vehicle,Raining,Not Applicable,Not Applicable,No Defects,Property Damage Crash