county_desc,light_desc,collision_type_desc,weather_desc,harm_event_desc1,harm_event_desc2,rd_cond_desc,report_type
Montgomery,Daylight,Opposite Direction Sideswipe,Raining,Other Vehicle,Not Applicable,No Defects,Property Damage Crash
Baltimore,Daylight,Same Direction Rear End Right Turn,Clear,Other Vehicle,Not Applicable,No Defects,Property Damage Crash
Baltimore City,Not Applicable,Other,Not Applicable,Other Vehicle,Parked Vehicle,No Defects,Property Damage Crash
Baltimore,Daylight,Other,Raining,Other Vehicle,Not Applicable,No Defects,Property Damage Crash
Baltimore City,Daylight,Same Direction Rear End,Raining,Other Vehicle,Other Vehicle,No Defects,Property Damage Crash
Baltimore City,Dark Lights On,Other,Not Applicable,Other Vehicle,Parked Vehicle,No Defects,Property Damage Crash
Howard,Daylight,Same Direction Sideswipe,Clear,Other Vehicle,Not Applicable,No Defects,Property Damage Crash
Anne Arundel,Daylight,Single Vehicle,Clear,Other Vehicle,Other Object,No Defects,Injury Crash
Prince George's,Daylight,Same Direction Rear End,Unknown,Other Vehicle,Not Applicable,No Defects,Property Damage Crash
Montgomery,Dark No Lights,Single Vehicle,Clear,Other Vehicle,Fixed Object,No Defects,Property Damage Crash
Wicomico,Dark Lights On,Other,Unknown,Other Vehicle,Not Applicable,No Defects,Property Damage Crash
Baltimore City,Daylight,Same Movement Angle,Raining,Other Vehicle,Fixed Object,No Defects,Property Damage Crash
Prince George's,Daylight,Same Direction Rear End,Raining,Other Vehicle,Not Applicable,No Defects,Property Damage Crash
Baltimore City,Daylight,Unknown,Raining,Other Vehicle,Not Applicable,No Defects,Property Damage Crash
Baltimore,Dawn,Same Direction Rear End,Clear,Other Vehicle,Not Applicable,No Defects,Injury Crash
Baltimore,Daylight,Other,Clear,Other Vehicle,Not Applicable,No Defects,Property Damage Crash
Prince George's,Daylight,Same Movement Angle,Raining,Other Vehicle,Other Vehicle,No Defects,Injury Crash
Prince George's,Daylight,Other,Raining,Other Vehicle,Other Object,No Defects,Property Damage Crash
Baltimore City,Dark Lights On,Unknown,Not Applicable,Other Vehicle,Other Vehicle,No Defects,Property Damage Crash
Baltimore City,Daylight,Same Movement Angle,Raining,Other Vehicle,Other Vehicle,No Defects,Injury Crash
Baltimore,Daylight,Same Direction Rear End,Raining,Other Vehicle,Not Applicable,No Defects,Property Damage Crash
Baltimore City,Dark Lights On,Other,Raining,Other Vehicle,Not Applicable,No Defects,Property Damage Crash
Prince George's,Daylight,Same Direction Rear End,Raining,Other Vehicle,Not Applicable,No Defects,Property Damage Crash
Baltimore,Daylight,Same Direction Sideswipe,Clear,Other Vehicle,Not Applicable,No Defects,Property Damage Crash
Prince George's,Daylight,Same Direction Rear End,Not Applicable,Other Vehicle,Not Applicable,No Defects,Property Damage Crash
Baltimore,Not Applicable,Unknown,Clear,Other Vehicle,Not Applicable,No Defects,Property Damage Crash
Baltimore City,Dark Lights On,Other,Raining,Other Vehicle,Other Vehicle,No Defects,Property Damage Crash
Prince George's,Daylight,Other,Not Applicable,Other Vehicle,Not Applicable,No Defects,Property Damage Crash
Howard,Daylight,Single Vehicle,Clear,Other Vehicle,Not Applicable,No Defects,Property Damage Crash
Baltimore,Unknown,Unknown,Unknown,Other Vehicle,Unknown,No Defects,Property Damage Crash
Baltimore,Unknown,Other,Not Applicable,Other Vehicle,Not Applicable,No Defects,Property Damage Crash
Cecil,Dark No Lights,Single Vehicle,Raining,Other Vehicle,Not Applicable,No Defects,Property Damage Crash
Baltimore,Dark Lights On,Not Applicable,Clear,Other Vehicle,Parked Vehicle,No Defects,Property Damage Crash
Baltimore,Daylight,Other,Clear,Other Vehicle,Not Applicable,No Defects,Property Damage Crash
Prince George's,Daylight,Other,Clear,Other Vehicle,Not Applicable,No Defects,Property Damage Crash
Montgomery,Daylight,Single Vehicle,Raining,Other Vehicle,Fixed Object,No Defects,Property Damage Crash
Prince George's,Daylight,Other,Clear,Other Vehicle,Other Vehicle,No Defects,Property Damage Crash
Baltimore,Dark No Lights,Not Applicable,Unknown,Other Vehicle,Not Applicable,No Defects,Property Damage Crash
Montgomery,Daylight,Head On,Raining,Other Vehicle,Not Applicable,No Defects,Property Damage Crash
Caroline,Daylight,Single Vehicle,Clear,Other Vehicle,Not Applicable,No Defects,Property Damage Crash
Prince George's,Unknown,Other,Unknown,Other Vehicle,Other Vehicle,No Defects,Property Damage Crash
Howard,Dark No Lights,Single Vehicle,Raining,Other Vehicle,Not Applicable,No Defects,Property Damage Crash
Frederick,Daylight,Unknown,Raining,Other Vehicle,Not Applicable,No Defects,Property Damage Crash
Anne Arundel,Dark Lights On,Same Direction Left Turn,Raining,Other Vehicle,Not Applicable,No Defects,Property Damage Crash
Baltimore City,Unknown,Unknown,Unknown,Other Vehicle,Not Applicable,No Defects,Property Damage Crash
Baltimore,Daylight,Other,Clear,Other Vehicle,Unknown,No Defects,Property Damage Crash
Baltimore,Daylight,Same Movement Angle,Raining,Other Vehicle,Other Vehicle,No Defects,Injury Crash
Baltimore City,Daylight,Other,Clear,Other Vehicle,Not Applicable,No Defects,Property Damage Crash
Anne Arundel,Daylight,Single Vehicle,Raining,Other Vehicle,Fixed Object,No Defects,Property Damage Crash
Cecil,Daylight,Same Direction Rear End,Raining,Other Vehicle,Fixed Object,No Defects,Property Damage Crash
Baltimore City,Dark Lights On,Same Movement Angle,Clear,Other Vehicle,Other Vehicle,No Defects,Property Damage Crash
Baltimore City,Daylight,Single Vehicle,Clear,Other Vehicle,Pedestrian,No Defects,Injury Crash
Montgomery,Daylight,Same Direction Rear End,Raining,Other Vehicle,Not Applicable,No Defects,Property Damage Crash
Prince George's,Daylight,Same Direction Rear End,Raining,Other Vehicle,Not Applicable,No Defects,Property Damage Crash
Baltimore City,Dark Lights On,Unknown,Raining,Other Vehicle,Not Applicable,No Defects,Property Damage Crash
Worcester,Dark Lights On,Not Applicable,Foggy,Other Vehicle,Fell Jumped from Motor Vehicle,No Defects,Property Damage Crash
Baltimore,Daylight,Same Direction Rear End,Raining,Other Vehicle,Not Applicable,No Defects,Property Damage Crash
Baltimore,Daylight,Single Vehicle,Raining,Other Vehicle,Off Road,No Defects,Property Damage Crash
Prince George's,Dark Lights On,Same Direction Rear End,Raining,Other Vehicle,Not Applicable,Foreign Material,Property Damage Crash
Charles,Dark No Lights,Same Direction Rear End,Raining,Other Vehicle,Not Applicable,No Defects,Property Damage Crash
Howard,Daylight,Single Vehicle,Raining,Other Vehicle,Other Object,No Defects,Property Damage Crash
Baltimore City,Daylight,Same Movement Angle,Raining,Other Vehicle,Other Vehicle,No Defects,Property Damage Crash
Baltimore,Daylight,Same Direction Rear End,Raining,Other Vehicle,Not Applicable,No Defects,Property Damage Crash
Charles,Daylight,Single Vehicle,Clear,Other Vehicle,Fixed Object,No Defects,Property Damage Crash
Baltimore,Daylight,Unknown,Clear,Other Vehicle,Not Applicable,No Defects,Property Damage Crash
Montgomery,Dark Lights On,Other,Raining,Other Vehicle,Pedestrian,No Defects,Injury Crash
Anne Arundel,Dark Lights On,Other,Clear,Other Vehicle,Parked Vehicle,No Defects,Property Damage Crash
Anne Arundel,Dark Lights On,Same Direction Right Turn,Not Applicable,Other Vehicle,Not Applicable,No Defects,Property Damage Crash
Prince George's,Daylight,Single Vehicle,Raining,Other Vehicle,Not Applicable,No Defects,Property Damage Crash
Wicomico,Daylight,Other,Raining,Other Vehicle,Not Applicable,No Defects,Property Damage Crash
Prince George's,Daylight,Same Movement Angle,Clear,Other Vehicle,Other Vehicle,No Defects,Property Damage Crash
Howard,Other,Opposite Direction Sideswipe,Raining,Other Vehicle,Fixed Object,No Defects,Property Damage Crash
Montgomery,Daylight,Other,Not Applicable,Other Vehicle,Not Applicable,No Defects,Injury Crash
Montgomery,Dark Lights On,Single Vehicle,Not Applicable,Other Vehicle,Not Applicable,No Defects,Property Damage Crash
Baltimore City,Dark Lights On,Single Vehicle,Not Applicable,Other Vehicle,Not Applicable,No Defects,Property Damage Crash
Baltimore,Daylight,Angle Meets Left Turn Head On,Not Applicable,Other Vehicle,Not Applicable,No Defects,Property Damage Crash
Baltimore,Daylight,Same Direction Rear End Left Turn,Raining,Other Vehicle,Not Applicable,No Defects,Property Damage Crash
Baltimore City,Daylight,Same Direction Rear End,Not Applicable,Other Vehicle,Other Vehicle,No Defects,Property Damage Crash
Baltimore,Daylight,Unknown,Not Applicable,Other Vehicle,Not Applicable,No Defects,Property Damage Crash
Baltimore,Dark Lights On,Not Applicable,Not Applicable,Other Vehicle,Not Applicable,No Defects,Property Damage Crash
Baltimore,Daylight,Other,Not Applicable,Other Vehicle,Not Applicable,No Defects,Property Damage Crash
Baltimore City,Not Applicable,Unknown,Not Applicable,Other Vehicle,Not Applicable,No Defects,Property Damage Crash
Baltimore,Daylight,Other,Clear,Other Vehicle,Not Applicable,No Defects,Property Damage Crash
Washington,Daylight,Same Direction Rear End,Raining,Other Vehicle,Not Applicable,No Defects,Injury Crash
Baltimore City,Daylight,Head On,Not Applicable,Other Vehicle,Parked Vehicle,No Defects,Property Damage Crash
Montgomery,Dark Lights On,Other,Clear,Other Vehicle,Not Applicable,No Defects,Property Damage Crash
Montgomery,Unknown,Unknown,Unknown,Other Vehicle,Not Applicable,No Defects,Property Damage Crash
Prince George's,Daylight,Other,Not Applicable,Other Vehicle,Parked Vehicle,No Defects,Property Damage Crash
Baltimore,Unknown,Unknown,Clear,Other Vehicle,Not Applicable,No Defects,Property Damage Crash
Baltimore,Daylight,Single Vehicle,Not Applicable,Other Vehicle,Not Applicable,No Defects,Property Damage Crash
Montgomery,Daylight,Same Direction Sideswipe,Raining,Other Vehicle,Not Applicable,No Defects,Property Damage Crash
Baltimore,Dark Lights On,Unknown,Unknown,Other Vehicle,Not Applicable,No Defects,Property Damage Crash
Baltimore City,Dark Lights On,Other,Clear,Other Vehicle,Other Vehicle,No Defects,Property Damage Crash
St. Mary's,Daylight,Same Movement Angle,Clear,Other Vehicle,Not Applicable,No Defects,Injury Crash
Baltimore,Daylight,Other,Not Applicable,Other Vehicle,Other Vehicle,No Defects,Property Damage Crash
St. Mary's,Daylight,Same Movement Angle,Clear,Other Vehicle,Not Applicable,No Defects,Property Damage Crash
Baltimore,Unknown,Single Vehicle,Unknown,Other Vehicle,Unknown,No Defects,Property Damage Crash
Baltimore,Dark Lights On,Not Applicable,Foggy,Other Vehicle,Other Vehicle,No Defects,Property Damage Crash
Baltimore,Daylight,Same Direction Sideswipe,Clear,Other Vehicle,Not Applicable,No Defects,Property Damage Crash
Baltimore City,Daylight,Unknown,Clear,Other Vehicle,Parked Vehicle,No Defects,Property Damage Crash
Baltimore City,Daylight,Same Direction Rear End,Not Applicable,Other Vehicle,Not Applicable,No Defects,Property Damage Crash
Prince George's,Dark Lights On,Other,Clear,Other Vehicle,Not Applicable,No Defects,Property Damage Crash
Baltimore City,Dark Lights On,Same Direction Sideswipe,Raining,Other Vehicle,Not Applicable,No Defects,Property Damage Crash
Prince George's,Dark Lights On,Other,Not Applicable,Other Vehicle,Not Applicable,No Defects,Property Damage Crash
Baltimore City,Dark Lights On,Same Direction Sideswipe,Raining,Other Vehicle,Not Applicable,No Defects,Property Damage Crash
Somerset,Dark Lights On,Single Vehicle,Raining,Other Vehicle,Not Applicable,No Defects,Property Damage Crash
Baltimore,Daylight,Unknown,Clear,Other Vehicle,Unknown,No Defects,Property Damage Crash
Baltimore City,Daylight,Same Movement Angle,Clear,Other Vehicle,Not Applicable,No Defects,Property Damage Crash
Baltimore City,Unknown,Unknown,Clear,Other Vehicle,Unknown,No Defects,Property Damage Crash
Baltimore,Daylight,Single Vehicle,Not Applicable,Other Vehicle,Other Vehicle,No Defects,Property Damage Crash
Baltimore,Daylight,Same Movement Angle,Not Applicable,Other Vehicle,Not Applicable,No Defects,Property Damage Crash
Baltimore,Daylight,Head On,Raining,Other Vehicle,Other Vehicle,No Defects,Property Damage Crash
Montgomery,Daylight,Single Vehicle,Not Applicable,Other Vehicle,Not Applicable,No Defects,Property Damage Crash
Anne Arundel,Daylight,Same Movement Angle,Not Applicable,Other Vehicle,Not Applicable,No Defects,Property Damage Crash
St. Mary's,Dark Lights On,Other,Clear,Other Vehicle,Not Applicable,No Defects,Property Damage Crash
Baltimore,Daylight,Other,Unknown,Other Vehicle,Not Applicable,No Defects,Property Damage Crash
Baltimore,Dark Lights On,Single Vehicle,Raining,Other Vehicle,Fixed Object,No Defects,Property Damage Crash
Baltimore,Daylight,Unknown,Not Applicable,Other Vehicle,Other Vehicle,No Defects,Property Damage Crash
Baltimore,Unknown,Not Applicable,Not Applicable,Other Vehicle,Parked Vehicle,No Defects,Property Damage Crash
Talbot,Daylight,Same Movement Angle,Clear,Other Vehicle,Other Vehicle,No Defects,Injury Crash
Baltimore City,Dark No Lights,Single Vehicle,Raining,Other Vehicle,Not Applicable,No Defects,Property Damage Crash
Prince George's,Dark Lights On,Other,Clear,Other Vehicle,Parked Vehicle,No Defects,Property Damage Crash
Baltimore,Daylight,Unknown,Clear,Other Vehicle,Not Applicable,No Defects,Property Damage Crash
Anne Arundel,Daylight,Same Direction Rear End,Clear,Other Vehicle,Other Vehicle,No Defects,Injury Crash
Baltimore,Unknown,Unknown,Unknown,Other Vehicle,Unknown,No Defects,Property Damage Crash
Queen Anne's,Daylight,Single Vehicle,Clear,Other Vehicle,Other Vehicle,No Defects,Injury Crash
Prince George's,Daylight,Single Vehicle,Raining,Other Vehicle,Fixed Object,No Defects,Property Damage Crash
Anne Arundel,Daylight,Other,Raining,Other Vehicle,Not Applicable,No Defects,Property Damage Crash
Prince George's,Daylight,Other,Raining,Other Vehicle,Not Applicable,No Defects,Property Damage Crash
Baltimore,Dark Lights On,Single Vehicle,Raining,Other Vehicle,Not Applicable,No Defects,Property Damage Crash
Baltimore City,Daylight,Head On,Raining,Other Vehicle,Not Applicable,No Defects,Injury Crash
Baltimore City,Daylight,Same Movement Angle,Severe Winds,Other Vehicle,Not Applicable,No Defects,Property Damage Crash
Anne Arundel,Daylight,Other,Foggy,Other Vehicle,Not Applicable,No Defects,Property Damage Crash
Carroll,Daylight,Single Vehicle,Raining,Other Vehicle,Fixed Object,No Defects,Property Damage Crash
Baltimore City,Daylight,Same Direction Sideswipe,Raining,Other Vehicle,Not Applicable,No Defects,Property Damage Crash
Baltimore City,Dark Lights On,Same Direction Rear End,Raining,Other Vehicle,Other Vehicle,No Defects,Property Damage Crash
Baltimore City,Daylight,Other,Not Applicable,Other Vehicle,Not Applicable,No Defects,Property Damage Crash
Baltimore,Daylight,Single Vehicle,Raining,Other Vehicle,Fixed Object,No Defects,Property Damage Crash
Wicomico,Daylight,Not Applicable,Clear,Other Vehicle,Not Applicable,No Defects,Property Damage Crash
Dorchester,Dark No Lights,Unknown,Not Applicable,Other Vehicle,Not Applicable,No Defects,Property Damage Crash
Baltimore,Not Applicable,Unknown,Clear,Other Vehicle,Not Applicable,No Defects,Property Damage Crash
Montgomery,Daylight,Other,Not Applicable,Other Vehicle,Not Applicable,No Defects,Property Damage Crash
Baltimore,Dark Lights On,Single Vehicle,Raining,Other Vehicle,Not Applicable,No Defects,Property Damage Crash
Frederick,Daylight,Other,Clear,Other Vehicle,Not Applicable,No Defects,Injury Crash
Prince George's,Daylight,Same Direction Rear End,Raining,Other Vehicle,Not Applicable,No Defects,Property Damage Crash
Baltimore,Daylight,Unknown,Clear,Other Vehicle,Not Applicable,No Defects,Property Damage Crash
Baltimore City,Daylight,Same Movement Angle,Raining,Other Vehicle,Other Vehicle,No Defects,Property Damage Crash
Montgomery,Daylight,Opposite Direction Sideswipe,Clear,Other Vehicle,Not Applicable,No Defects,Property Damage Crash
Frederick,Daylight,Single Vehicle,Raining,Other Vehicle,Fixed Object,No Defects,Property Damage Crash
Anne Arundel,Daylight,Other,Clear,Other Vehicle,Not Applicable,No Defects,Property Damage Crash
Frederick,Dark Lights On,Other,Raining,Other Vehicle,Overturn,No Defects,Injury Crash
Baltimore,Daylight,Same Direction Rear End,Raining,Other Vehicle,Not Applicable,No Defects,Property Damage Crash
Frederick,Dark No Lights,Single Vehicle,Raining,Other Vehicle,Fixed Object,No Defects,Property Damage Crash
Baltimore City,Daylight,Same Direction Sideswipe,Raining,Other Vehicle,Not Applicable,No Defects,Property Damage Crash
Baltimore,Daylight,Same Direction Rear End,Raining,Other Vehicle,Not Applicable,No Defects,Property Damage Crash
Baltimore City,Daylight,Same Direction Left Turn,Raining,Other Vehicle,Not Applicable,No Defects,Property Damage Crash
Baltimore City,Daylight,Single Vehicle,Raining,Other Vehicle,Not Applicable,No Defects,Property Damage Crash
Baltimore,Daylight,Same Direction Left Turn,Raining,Other Vehicle,Fixed Object,Not Applicable,Property Damage Crash
Baltimore,Daylight,Same Movement Angle,Clear,Other Vehicle,Off Road,No Defects,Injury Crash
Howard,Dark Lights On,Head On Left Turn,Raining,Other Vehicle,Not Applicable,No Defects,Property Damage Crash
Prince George's,Daylight,Head On Left Turn,Raining,Other Vehicle,Other Vehicle,No Defects,Injury Crash
Montgomery,Daylight,Head On Left Turn,Not Applicable,Other Vehicle,Not Applicable,No Defects,Property Damage Crash
Baltimore City,Daylight,Opposite Direction Sideswipe,Clear,Other Vehicle,Not Applicable,No Defects,Property Damage Crash
Anne Arundel,Daylight,Not Applicable,Blowing Snow,Other Vehicle,Other Vehicle,No Defects,Property Damage Crash
Baltimore City,Daylight,Unknown,Not Applicable,Other Vehicle,Not Applicable,No Defects,Property Damage Crash
Montgomery,Daylight,Other,Not Applicable,Other Vehicle,Not Applicable,No Defects,Property Damage Crash
Baltimore,Daylight,Same Direction Rear End,Raining,Other Vehicle,Not Applicable,No Defects,Property Damage Crash
Baltimore City,Dark Lights On,Same Direction Rear End,Not Applicable,Other Vehicle,Not Applicable,No Defects,Property Damage Crash
Baltimore City,Dark Lights On,Not Applicable,Not Applicable,Other Vehicle,Not Applicable,No Defects,Property Damage Crash
Montgomery,Daylight,Other,Not Applicable,Other Vehicle,Off Road,No Defects,Property Damage Crash
Baltimore City,Unknown,Unknown,Unknown,Other Vehicle,Not Applicable,No Defects,Property Damage Crash
Baltimore City,Daylight,Opposite Direction Sideswipe,Not Applicable,Other Vehicle,Other Vehicle,No Defects,Injury Crash
Montgomery,Daylight,Single Vehicle,Not Applicable,Other Vehicle,Not Applicable,No Defects,Property Damage Crash
Baltimore City,Not Applicable,Other,Not Applicable,Other Vehicle,Not Applicable,No Defects,Property Damage Crash
Montgomery,Daylight,Same Direction Rear End,Raining,Other Vehicle,Parked Vehicle,No Defects,Property Damage Crash
Garrett,Daylight,Single Vehicle,Clear,Other Vehicle,Not Applicable,No Defects,Property Damage Crash
Baltimore City,Daylight,Same Direction Sideswipe,Not Applicable,Other Vehicle,Other Object,No Defects,Property Damage Crash
Harford,Dark Lights On,Same Movement Angle,Raining,Other Vehicle,Not Applicable,No Defects,Property Damage Crash
Prince George's,Daylight,Single Vehicle,Not Applicable,Other Vehicle,Fixed Object,No Defects,Property Damage Crash
Baltimore City,Daylight,Other,Not Applicable,Other Vehicle,Not Applicable,No Defects,Property Damage Crash
Baltimore,Unknown,Unknown,Not Applicable,Other Vehicle,Not Applicable,No Defects,Property Damage Crash
Prince George's,Dark Lights On,Other,Clear,Other Vehicle,Other Vehicle,No Defects,Property Damage Crash
Montgomery,Daylight,Other,Clear,Other Vehicle,Parked Vehicle,No Defects,Property Damage Crash
Baltimore City,Unknown,Other,Not Applicable,Other Vehicle,Not Applicable,No Defects,Property Damage Crash
Montgomery,Dark Lights On,Opposite Direction Sideswipe,Cloudy,Other Vehicle,Not Applicable,No Defects,Property Damage Crash
Harford,Dark Lights On,Other,Clear,Other Vehicle,Not Applicable,No Defects,Property Damage Crash
Baltimore,Daylight,Other,Raining,Other Vehicle,Not Applicable,No Defects,Injury Crash
Anne Arundel,Daylight,Other,Not Applicable,Other Vehicle,Units Separated,No Defects,Property Damage Crash
Baltimore,Daylight,Head On Left Turn,Other,Other Vehicle,Not Applicable,No Defects,Property Damage Crash
Baltimore City,Dark Lights On,Angle Meets Right Turn,Clear,Other Vehicle,Other Pedalcycle,No Defects,Injury Crash
Baltimore,Daylight,Other,Not Applicable,Other Vehicle,Not Applicable,No Defects,Property Damage Crash
Baltimore City,Unknown,Same Direction Sideswipe,Unknown,Other Vehicle,Unknown,No Defects,Property Damage Crash
Baltimore City,Daylight,Same Direction Sideswipe,Clear,Other Vehicle,Other Vehicle,No Defects,Injury Crash
Montgomery,Daylight,Head On Left Turn,Clear,Other Vehicle,Fixed Object,No Defects,Property Damage Crash
Prince George's,Not Applicable,Other,Not Applicable,Other Vehicle,Other Vehicle,No Defects,Property Damage Crash
Prince George's,Daylight,Same Movement Angle,Raining,Other Vehicle,Not Applicable,No Defects,Property Damage Crash
Baltimore City,Unknown,Unknown,Unknown,Other Vehicle,Not Applicable,No Defects,Property Damage Crash
Baltimore,Daylight,Other,Clear,Other Vehicle,Not Applicable,No Defects,Injury Crash
Baltimore City,Daylight,Other,Not Applicable,Other Vehicle,Other Vehicle,No Defects,Property Damage Crash
Baltimore City,Unknown,Other,Not Applicable,Other Vehicle,Not Applicable,No Defects,Property Damage Crash
Prince George's,Daylight,Single Vehicle,Not Applicable,Other Vehicle,Fixed Object,No Defects,Property Damage Crash
Baltimore City,Unknown,Unknown,Foggy,Other Vehicle,Parked Vehicle,No Defects,Property Damage Crash
Baltimore,Daylight,Other,Cloudy,Other Vehicle,Not Applicable,No Defects,Property Damage Crash
Baltimore,Unknown,Same Direction Sideswipe,Raining,Other Vehicle,Not Applicable,Unknown,Property Damage Crash
Frederick,Daylight,Other,Raining,Other Vehicle,Not Applicable,No Defects,Property Damage Crash
Baltimore,Daylight,Unknown,Unknown,Other Vehicle,Not Applicable,No Defects,Property Damage Crash
Montgomery,Daylight,Other,Clear,Other Vehicle,Not Applicable,No Defects,Property Damage Crash
Baltimore,Unknown,Other,Unknown,Other Vehicle,Not Applicable,No Defects,Property Damage Crash
Baltimore,Daylight,Unknown,Raining,Other Vehicle,Not Applicable,No Defects,Property Damage Crash
Prince George's,Daylight,Same Movement Angle,Clear,Other Vehicle,Other Vehicle,No Defects,Property Damage Crash
Prince George's,Dark No Lights,Single Vehicle,Clear,Other Vehicle,Not Applicable,No Defects,Property Damage Crash
Baltimore City,Daylight,Same Direction Rear End,Raining,Other Vehicle,Other Vehicle,No Defects,Property Damage Crash
Baltimore City,Unknown,Same Direction Rear End,Unknown,Other Vehicle,Unknown,No Defects,Property Damage Crash
Baltimore,Unknown,Unknown,Unknown,Other Vehicle,Parked Vehicle,No Defects,Property Damage Crash
Baltimore City,Unknown,Unknown,Unknown,Other Vehicle,Unknown,No Defects,Property Damage Crash
Howard,Daylight,Other,Clear,Other Vehicle,Not Applicable,No Defects,Property Damage Crash
Montgomery,Unknown,Same Direction Rear End,Unknown,Other Vehicle,Not Applicable,No Defects,Property Damage Crash
Charles,Dark Lights On,Other,Not Applicable,Other Vehicle,Not Applicable,No Defects,Property Damage Crash
Baltimore,Daylight,Single Vehicle,Raining,Other Vehicle,Fixed Object,Not Applicable,Property Damage Crash
Prince George's,Dark Lights On,Same Direction Rear End,Clear,Other Vehicle,Parked Vehicle,No Defects,Property Damage Crash
Baltimore,Daylight,Unknown,Not Applicable,Other Vehicle,Other Vehicle,No Defects,Property Damage Crash
Wicomico,Unknown,Other,Clear,Other Vehicle,Fixed Object,No Defects,Property Damage Crash
Cecil,Daylight,Single Vehicle,Clear,Other Vehicle,Other Object,No Defects,Injury Crash
Montgomery,Dark Lights On,Other,Raining,Other Vehicle,Not Applicable,No Defects,Injury Crash
Montgomery,Dark No Lights,Other,Raining,Other Vehicle,Not Applicable,No Defects,Property Damage Crash
Baltimore,Daylight,Other,Clear,Other Vehicle,Not Applicable,No Defects,Property Damage Crash
Worcester,Daylight,Angle Meets Left Turn Head On,Not Applicable,Other Vehicle,Not Applicable,No Defects,Property Damage Crash
Prince George's,Daylight,Other,Not Applicable,Other Vehicle,Not Applicable,No Defects,Property Damage Crash
Prince George's,Dark Lights On,Same Direction Rear End,Not Applicable,Other Vehicle,Not Applicable,No Defects,Property Damage Crash
Baltimore City,Dark No Lights,Same Direction Sideswipe,Raining,Other Vehicle,Other Vehicle,No Defects,Property Damage Crash
Wicomico,Daylight,Unknown,Not Applicable,Other Vehicle,Not Applicable,No Defects,Property Damage Crash
Prince George's,Dark Lights On,Other,Clear,Other Vehicle,Parked Vehicle,No Defects,Property Damage Crash
Baltimore City,Daylight,Other,Raining,Other Vehicle,Parked Vehicle,No Defects,Injury Crash
Montgomery,Daylight,Other,Clear,Other Vehicle,Not Applicable,No Defects,Property Damage Crash
Anne Arundel,Daylight,Head On,Unknown,Other Vehicle,Other Vehicle,No Defects,Property Damage Crash
Harford,Daylight,Other,Clear,Other Vehicle,Parked Vehicle,No Defects,Property Damage Crash
Montgomery,Daylight,Other,Clear,Other Vehicle,Fixed Object,No Defects,Property Damage Crash
Montgomery,Dark Lights On,Other,Not Applicable,Other Vehicle,Not Applicable,No Defects,Property Damage Crash
Prince George's,Daylight,Same Direction Rear End,Clear,Other Vehicle,Other Vehicle,No Defects,Property Damage Crash
Anne Arundel,Daylight,Single Vehicle,Clear,Other Vehicle,Not Applicable,No Defects,Property Damage Crash
Wicomico,Dark Lights On,Same Direction Sideswipe,Not Applicable,Other Vehicle,Not Applicable,No Defects,Property Damage Crash
Wicomico,Daylight,Not Applicable,Cloudy,Other Vehicle,Not Applicable,No Defects,Property Damage Crash
Baltimore City,Unknown,Unknown,Not Applicable,Other Vehicle,Not Applicable,No Defects,Property Damage Crash
Baltimore City,Daylight,Other,Not Applicable,Other Vehicle,Not Applicable,No Defects,Property Damage Crash
Charles,Daylight,Other,Not Applicable,Other Vehicle,Not Applicable,No Defects,Property Damage Crash
Baltimore City,Daylight,Head On,Raining,Other Vehicle,Not Applicable,No Defects,Property Damage Crash
Montgomery,Daylight,Same Movement Angle,Raining,Other Vehicle,Fixed Object,No Defects,Property Damage Crash
Baltimore,Dark Lights On,Single Vehicle,Not Applicable,Other Vehicle,Not Applicable,No Defects,Property Damage Crash
Charles,Daylight,Same Direction Rear End,Raining,Other Vehicle,Other Vehicle,No Defects,Property Damage Crash
Baltimore,Daylight,Same Direction Rear End,Raining,Other Vehicle,Other Vehicle,No Defects,Property Damage Crash
Baltimore City,Daylight,Other,Raining,Other Vehicle,Other Vehicle,Unknown,Property Damage Crash
Baltimore,Unknown,Unknown,Raining,Other Vehicle,Unknown,No Defects,Property Damage Crash
Montgomery,Daylight,Same Movement Angle,Raining,Other Vehicle,Not Applicable,No Defects,Injury Crash
Cecil,Dark Lights On,Other,Clear,Other Vehicle,Not Applicable,No Defects,Property Damage Crash
Prince George's,Daylight,Unknown,Not Applicable,Other Vehicle,Not Applicable,No Defects,Property Damage Crash
Baltimore City,Dark Lights On,Same Direction Sideswipe,Not Applicable,Other Vehicle,Other Vehicle,No Defects,Property Damage Crash
Prince George's,Dark Lights On,Single Vehicle,Not Applicable,Other Vehicle,Not Applicable,No Defects,Property Damage Crash
Worcester,Daylight,Single Vehicle,Not Applicable,Other Vehicle,Fixed Object,Not Applicable,Property Damage Crash
Dorchester,Daylight,Single Vehicle,Clear,Other Vehicle,Other Object,No Defects,Property Damage Crash
Baltimore,Unknown,Unknown,Unknown,Other Vehicle,Not Applicable,No Defects,Property Damage Crash
Baltimore City,Dark Lights On,Unknown,Not Applicable,Other Vehicle,Not Applicable,No Defects,Property Damage Crash
Baltimore,Daylight,Other,Clear,Other Vehicle,Not Applicable,No Defects,Property Damage Crash
Prince George's,Dark Lights On,Single Vehicle,Raining,Other Vehicle,Not Applicable,No Defects,Property Damage Crash