county_desc,light_desc,collision_type_desc,weather_desc,harm_event_desc1,harm_event_desc2,rd_cond_desc,report_type
Baltimore,Not Applicable,Unknown,Clear,Other Vehicle,Fixed Object,No Defects,Property Damage Crash
Baltimore,Unknown,Unknown,Not Applicable,Other Vehicle,Not Applicable,No Defects,Property Damage Crash
Baltimore,Dark Lights On,Unknown,Not Applicable,Other Vehicle,Not Applicable,No Defects,Property Damage Crash
Baltimore,Daylight,Single Vehicle,Clear,Other Vehicle,Not Applicable,No Defects,Property Damage Crash
Baltimore,Daylight,Single Vehicle,Not Applicable,Other Vehicle,Not Applicable,No Defects,Property Damage Crash
Calvert,Daylight,Head On Left Turn,Clear,Other Vehicle,Other Vehicle,No Defects,Property Damage Crash
Harford,Dark No Lights,Single Vehicle,Not Applicable,Other Vehicle,Not Applicable,No Defects,Property Damage Crash
Baltimore,Daylight,Unknown,Cloudy,Other Vehicle,Parked Vehicle,No Defects,Property Damage Crash
Charles,Dark Lights On,Single Vehicle,Clear,Other Vehicle,Fixed Object,No Defects,Property Damage Crash
Baltimore,Dark Lights On,Single Vehicle,Unknown,Other Vehicle,Not Applicable,No Defects,Property Damage Crash
Baltimore City,Daylight,Same Direction Rear End,Clear,Other Vehicle,Not Applicable,No Defects,Property Damage Crash
Prince George's,Daylight,Other,Clear,Other Vehicle,Not Applicable,No Defects,Property Damage Crash
Baltimore,Daylight,Other,Raining,Other Vehicle,Not Applicable,No Defects,Property Damage Crash
Montgomery,Daylight,Same Direction Rear End,Raining,Other Vehicle,Not Applicable,No Defects,Property Damage Crash
Montgomery,Daylight,Other,Clear,Other Vehicle,Not Applicable,No Defects,Property Damage Crash
Wicomico,Daylight,Same Direction Rear End,Raining,Other Vehicle,Not Applicable,No Defects,Property Damage Crash
Baltimore City,Daylight,Same Movement Angle,Foggy,Other Vehicle,Not Applicable,Not Applicable,Property Damage Crash
Baltimore,Dark Lights On,Other,Clear,Other Vehicle,Not Applicable,No Defects,Property Damage Crash
Baltimore,Daylight,Same Direction Rear End,Not Applicable,Other Vehicle,Not Applicable,No Defects,Property Damage Crash
Baltimore,Dark Lights On,Unknown,Clear,Other Vehicle,Not Applicable,No Defects,Property Damage Crash
Baltimore,Dark Lights On,Other,Not Applicable,Other Vehicle,Not Applicable,No Defects,Property Damage Crash
Montgomery,Dark No Lights,Other,Clear,Other Vehicle,Not Applicable,No Defects,Property Damage Crash
Baltimore City,Daylight,Other,Not Applicable,Other Vehicle,Not Applicable,No Defects,Property Damage Crash
Baltimore,Daylight,Unknown,Not Applicable,Other Vehicle,Not Applicable,No Defects,Property Damage Crash
Howard,Daylight,Same Direction Rear End,Raining,Other Vehicle,Other Vehicle,No Defects,Property Damage Crash
Baltimore City,Daylight,Unknown,Clear,Other Vehicle,Parked Vehicle,No Defects,Property Damage Crash
Baltimore City,Unknown,Same Direction Sideswipe,Unknown,Other Vehicle,Other Vehicle,No Defects,Property Damage Crash
St. Mary's,Daylight,Single Vehicle,Clear,Other Vehicle,Not Applicable,No Defects,Injury Crash
Montgomery,Daylight,Other,Not Applicable,Other Vehicle,Not Applicable,No Defects,Property Damage Crash
Prince George's,Daylight,Single Vehicle,Raining,Other Vehicle,Fixed Object,No Defects,Property Damage Crash
Baltimore City,Not Applicable,Same Movement Angle,Not Applicable,Other Vehicle,Not Applicable,No Defects,Property Damage Crash
Baltimore,Daylight,Other,Clear,Other Vehicle,Not Applicable,No Defects,Injury Crash
Baltimore,Daylight,Single Vehicle,Not Applicable,Other Vehicle,Fixed Object,No Defects,Property Damage Crash
Calvert,Dark No Lights,Single Vehicle,Raining,Other Vehicle,Not Applicable,No Defects,Property Damage Crash
Baltimore City,Daylight,Single Vehicle,Not Applicable,Other Vehicle,Other Object,No Defects,Property Damage Crash
Prince George's,Daylight,Other,Clear,Other Vehicle,Not Applicable,No Defects,Injury Crash
Baltimore City,Daylight,Same Movement Angle,Raining,Other Vehicle,Other Vehicle,No Defects,Property Damage Crash
Baltimore,Dark Lights On,Same Direction Sideswipe,Clear,Other Vehicle,Not Applicable,No Defects,Property Damage Crash
St. Mary's,Dark Lights On,Opposite Direction Sideswipe,Clear,Other Vehicle,Not Applicable,No Defects,Property Damage Crash
Baltimore City,Unknown,Unknown,Unknown,Other Vehicle,Parked Vehicle,No Defects,Property Damage Crash
Dorchester,Unknown,Single Vehicle,Not Applicable,Other Vehicle,Not Applicable,No Defects,Property Damage Crash
Harford,Daylight,Single Vehicle,Raining,Other Vehicle,Not Applicable,No Defects,Property Damage Crash
Baltimore,Other,Head On Left Turn,Not Applicable,Other Vehicle,Other Vehicle,No Defects,Property Damage Crash
Baltimore City,Daylight,Other,Raining,Other Vehicle,Other Vehicle,No Defects,Property Damage Crash
St. Mary's,Daylight,Other,Clear,Other Vehicle,Not Applicable,No Defects,Property Damage Crash
Worcester,Daylight,Opposite Direction Sideswipe,Clear,Other Vehicle,Not Applicable,No Defects,Property Damage Crash
Baltimore,Not Applicable,Single Vehicle,Not Applicable,Other Vehicle,Not Applicable,No Defects,Property Damage Crash
Wicomico,Daylight,Same Movement Angle,Raining,Other Vehicle,Not Applicable,No Defects,Property Damage Crash
Baltimore,Daylight,Head On Left Turn,Clear,Other Vehicle,Not Applicable,No Defects,Property Damage Crash
Anne Arundel,Daylight,Unknown,Not Applicable,Other Vehicle,Not Applicable,No Defects,Property Damage Crash
Prince George's,Dark Lights On,Single Vehicle,Clear,Other Vehicle,Not Applicable,No Defects,Property Damage Crash
Worcester,Daylight,Other,Raining,Other Vehicle,Not Applicable,No Defects,Property Damage Crash
Montgomery,Daylight,Other,Not Applicable,Other Vehicle,Pedestrian,No Defects,Property Damage Crash
Baltimore,Daylight,Same Direction Sideswipe,Not Applicable,Other Vehicle,Not Applicable,No Defects,Property Damage Crash
Baltimore City,Dark Lights On,Other,Clear,Other Vehicle,Other Vehicle,No Defects,Property Damage Crash
Prince George's,Dark No Lights,Same Direction Rear End,Clear,Other Vehicle,Not Applicable,No Defects,Injury Crash
Howard,Dark No Lights,Single Vehicle,Raining,Other Vehicle,Not Applicable,No Defects,Property Damage Crash
Baltimore City,Daylight,Single Vehicle,Raining,Other Vehicle,Not Applicable,No Defects,Property Damage Crash
Baltimore,Daylight,Same Movement Angle,Raining,Other Vehicle,Not Applicable,No Defects,Property Damage Crash
Howard,Dark Lights On,Single Vehicle,Raining,Other Vehicle,Not Applicable,No Defects,Property Damage Crash
Prince George's,Daylight,Same Direction Sideswipe,Clear,Other Vehicle,Not Applicable,No Defects,Property Damage Crash
Baltimore,Unknown,Unknown,Unknown,Other Vehicle,Not Applicable,No Defects,Property Damage Crash
Howard,Dark Lights On,Single Vehicle,Raining,Other Vehicle,Fixed Object,No Defects,Injury Crash
Frederick,Daylight,Single Vehicle,Cloudy,Other Vehicle,Fixed Object,No Defects,Injury Crash
Baltimore,Unknown,Unknown,Raining,Other Vehicle,Other Vehicle,No Defects,Property Damage Crash
Montgomery,Dark Lights On,Single Vehicle,Clear,Other Vehicle,Not Applicable,No Defects,Property Damage Crash
Frederick,Dawn,Same Direction Rear End,Clear,Other Vehicle,Not Applicable,No Defects,Injury Crash
Baltimore City,Not Applicable,Same Direction Rear End Right Turn,Not Applicable,Other Vehicle,Not Applicable,No Defects,Property Damage Crash
Baltimore,Daylight,Unknown,Raining,Other Vehicle,Not Applicable,No Defects,Property Damage Crash
Baltimore,Daylight,Same Direction Rear End,Cloudy,Other Vehicle,Not Applicable,No Defects,Property Damage Crash
Howard,Daylight,Same Direction Rear End,Clear,Other Vehicle,Not Applicable,No Defects,Injury Crash
Baltimore City,Daylight,Other,Raining,Other Vehicle,Not Applicable,No Defects,Property Damage Crash
Baltimore City,Dark Lights On,Same Direction Sideswipe,Raining,Other Vehicle,Parked Vehicle,No Defects,Property Damage Crash
Montgomery,Daylight,Other,Cloudy,Other Vehicle,Not Applicable,No Defects,Property Damage Crash
Baltimore City,Dark Lights On,Head On,Other,Other Vehicle,Other,Other,Property Damage Crash
Montgomery,Daylight,Not Applicable,Raining,Other Vehicle,Not Applicable,No Defects,Injury Crash
Baltimore,Daylight,Single Vehicle,Clear,Other Vehicle,Fixed Object,No Defects,Property Damage Crash
Baltimore City,Daylight,Unknown,Raining,Other Vehicle,Not Applicable,No Defects,Property Damage Crash
Anne Arundel,Dark No Lights,Single Vehicle,Clear,Other Vehicle,Not Applicable,No Defects,Property Damage Crash
Baltimore City,Daylight,Other,Clear,Other Vehicle,Not Applicable,Not Applicable,Property Damage Crash
Frederick,Daylight,Single Vehicle,Raining,Other Vehicle,Overturn,No Defects,Property Damage Crash
Baltimore,Daylight,Same Direction Rear End,Raining,Other Vehicle,Not Applicable,No Defects,Property Damage Crash
Baltimore,Daylight,Head On Left Turn,Raining,Other Vehicle,Fixed Object,No Defects,Property Damage Crash
Baltimore,Dark Lights On,Same Direction Rear End,Raining,Other Vehicle,Not Applicable,No Defects,Property Damage Crash
Montgomery,Daylight,Same Movement Angle,Raining,Other Vehicle,Not Applicable,No Defects,Property Damage Crash
Prince George's,Daylight,Other,Raining,Other Vehicle,Not Applicable,No Defects,Property Damage Crash
Baltimore,Daylight,Single Vehicle,Raining,Other Vehicle,Not Applicable,No Defects,Property Damage Crash
Baltimore,Daylight,Unknown,Cloudy,Other Vehicle,Not Applicable,No Defects,Property Damage Crash
Baltimore,Daylight,Other,Clear,Other Vehicle,Parked Vehicle,No Defects,Property Damage Crash
Baltimore,Dark Lights On,Other,Clear,Other Vehicle,Not Applicable,No Defects,Property Damage Crash
Anne Arundel,Daylight,Single Vehicle,Not Applicable,Other Vehicle,Fixed Object,No Defects,Property Damage Crash
Baltimore,Dark Lights On,Single Vehicle,Clear,Other Vehicle,Not Applicable,No Defects,Property Damage Crash
Montgomery,Daylight,Other,Cloudy,Other Vehicle,Fixed Object,No Defects,Property Damage Crash
Frederick,Daylight,Same Direction Sideswipe,Clear,Other Vehicle,Not Applicable,No Defects,Property Damage Crash
Baltimore,Daylight,Other,Not Applicable,Other Vehicle,Not Applicable,No Defects,Property Damage Crash
Baltimore,Daylight,Single Vehicle,Blowing Snow,Other Vehicle,Fixed Object,No Defects,Property Damage Crash
Baltimore City,Daylight,Other,Other,Other Vehicle,Other Vehicle,No Defects,Property Damage Crash
Baltimore,Daylight,Same Direction Sideswipe,Clear,Other Vehicle,Fixed Object,No Defects,Property Damage Crash
Kent,Daylight,Single Vehicle,Clear,Other Vehicle,Not Applicable,No Defects,Property Damage Crash
Anne Arundel,Daylight,Single Vehicle,Not Applicable,Other Vehicle,Not Applicable,No Defects,Property Damage Crash
Charles,Daylight,Same Direction Rear End,Raining,Other Vehicle,Fixed Object,No Defects,Property Damage Crash
Cecil,Dark No Lights,Single Vehicle,Raining,Other Vehicle,Off Road,No Defects,Property Damage Crash
Baltimore City,Dark Lights On,Same Direction Rear End,Raining,Other Vehicle,Not Applicable,No Defects,Injury Crash
Baltimore,Unknown,Unknown,Not Applicable,Other Vehicle,Not Applicable,Loose Surface Material,Property Damage Crash
Howard,Dark No Lights,Single Vehicle,Raining,Other Vehicle,Fixed Object,No Defects,Property Damage Crash
Charles,Dark No Lights,Other,Clear,Other Vehicle,Not Applicable,No Defects,Property Damage Crash
Baltimore,Unknown,Unknown,Unknown,Other Vehicle,Not Applicable,No Defects,Property Damage Crash
Charles,Daylight,Same Movement Angle,Raining,Other Vehicle,Not Applicable,No Defects,Property Damage Crash
Baltimore,Daylight,Unknown,Not Applicable,Other Vehicle,Not Applicable,No Defects,Property Damage Crash
Montgomery,Daylight,Other,Not Applicable,Other Vehicle,Not Applicable,No Defects,Property Damage Crash
Baltimore,Daylight,Other,Severe Winds,Other Vehicle,Not Applicable,No Defects,Property Damage Crash
Montgomery,Dark Lights On,Single Vehicle,Raining,Other Vehicle,Fixed Object,No Defects,Property Damage Crash
Baltimore,Daylight,Other,Clear,Other Vehicle,Not Applicable,No Defects,Property Damage Crash
Prince George's,Daylight,Opposite Direction Both Left Turn,Raining,Other Vehicle,Not Applicable,No Defects,Property Damage Crash
Baltimore City,Unknown,Unknown,Unknown,Other Vehicle,Not Applicable,No Defects,Property Damage Crash
Montgomery,Dark Lights On,Other,Raining,Other Vehicle,Not Applicable,No Defects,Injury Crash
Garrett,Dark No Lights,Single Vehicle,Snow,Other Vehicle,Not Applicable,No Defects,Property Damage Crash
Baltimore City,Daylight,Head On Left Turn,Clear,Other Vehicle,Other Vehicle,No Defects,Injury Crash
Anne Arundel,Dark Lights On,Other,Clear,Other Vehicle,Not Applicable,No Defects,Property Damage Crash
Prince George's,Unknown,Unknown,Not Applicable,Other Vehicle,Not Applicable,No Defects,Property Damage Crash
Montgomery,Daylight,Single Vehicle,Not Applicable,Other Vehicle,Not Applicable,No Defects,Property Damage Crash
Anne Arundel,Dark Lights On,Other,Not Applicable,Other Vehicle,Not Applicable,No Defects,Property Damage Crash
Baltimore,Dark Lights On,Single Vehicle,Clear,Other Vehicle,Not Applicable,No Defects,Injury Crash
Baltimore,Unknown,Unknown,Clear,Other Vehicle,Not Applicable,No Defects,Property Damage Crash
Baltimore City,Daylight,Other,Not Applicable,Other Vehicle,Not Applicable,No Defects,Property Damage Crash
Anne Arundel,Other,Other,Not Applicable,Other Vehicle,Not Applicable,No Defects,Property Damage Crash
St. Mary's,Daylight,Head On Left Turn,Raining,Other Vehicle,Not Applicable,No Defects,Property Damage Crash
Queen Anne's,Daylight,Other,Not Applicable,Other Vehicle,Other Vehicle,No Defects,Property Damage Crash
Montgomery,Daylight,Other,Not Applicable,Other Vehicle,Not Applicable,No Defects,Property Damage Crash
Prince George's,Daylight,Head On,Raining,Other Vehicle,Fixed Object,No Defects,Property Damage Crash
Charles,Dark No Lights,Single Vehicle,Raining,Other Vehicle,Fixed Object,No Defects,Property Damage Crash
Baltimore City,Not Applicable,Other,Not Applicable,Other Vehicle,Parked Vehicle,Not Applicable,Property Damage Crash
Prince George's,Daylight,Same Direction Rear End,Raining,Other Vehicle,Not Applicable,No Defects,Property Damage Crash
Baltimore City,Daylight,Single Vehicle,Clear,Other Vehicle,Overturn,No Defects,Property Damage Crash
St. Mary's,Daylight,Same Movement Angle,Not Applicable,Other Vehicle,Fixed Object,No Defects,Property Damage Crash
Baltimore,Dark Lights On,Single Vehicle,Cloudy,Other Vehicle,Not Applicable,No Defects,Property Damage Crash
Baltimore City,Dark Lights On,Same Movement Angle,Raining,Other Vehicle,Fixed Object,No Defects,Property Damage Crash
Prince George's,Daylight,Single Vehicle,Clear,Other Vehicle,Not Applicable,No Defects,Injury Crash
Baltimore,Daylight,Other,Not Applicable,Other Vehicle,Not Applicable,No Defects,Property Damage Crash
Baltimore City,Daylight,Same Direction Sideswipe,Not Applicable,Other Vehicle,Other Vehicle,No Defects,Property Damage Crash
Baltimore,Daylight,Single Vehicle,Clear,Other Vehicle,Other Vehicle,No Defects,Property Damage Crash
Anne Arundel,Dark Lights On,Other,Raining,Other Vehicle,Not Applicable,No Defects,Property Damage Crash
Baltimore City,Daylight,Other,Not Applicable,Other Vehicle,Not Applicable,No Defects,Property Damage Crash
Wicomico,Dark Lights On,Other,Raining,Other Vehicle,Not Applicable,No Defects,Property Damage Crash
Baltimore,Daylight,Not Applicable,Not Applicable,Other Vehicle,Not Applicable,No Defects,Property Damage Crash
Baltimore City,Daylight,Other,Clear,Other Vehicle,Not Applicable,No Defects,Property Damage Crash
Baltimore,Daylight,Other,Clear,Other Vehicle,Not Applicable,No Defects,Property Damage Crash
Anne Arundel,Daylight,Single Vehicle,Not Applicable,Other Vehicle,Not Applicable,No Defects,Property Damage Crash
Baltimore,Not Applicable,Unknown,Not Applicable,Other Vehicle,Not Applicable,No Defects,Property Damage Crash
Baltimore City,Dark Lights On,Same Direction Rear End,Not Applicable,Other Vehicle,Not Applicable,No Defects,Property Damage Crash
Carroll,Daylight,Single Vehicle,Raining,Other Vehicle,Fixed Object,No Defects,Property Damage Crash
Montgomery,Daylight,Same Direction Rear End,Raining,Other Vehicle,Not Applicable,No Defects,Property Damage Crash
Baltimore,Daylight,Other,Raining,Other Vehicle,Other Vehicle,Not Applicable,Property Damage Crash
Carroll,Daylight,Single Vehicle,Foggy,Other Vehicle,Not Applicable,No Defects,Property Damage Crash
Talbot,Dark No Lights,Same Movement Angle,Raining,Other Vehicle,Fixed Object,No Defects,Property Damage Crash
Baltimore City,Dark Lights On,Same Direction Rear End,Raining,Other Vehicle,Fixed Object,No Defects,Property Damage Crash
Baltimore,Daylight,Same Direction Rear End,Not Applicable,Other Vehicle,Not Applicable,No Defects,Property Damage Crash
Prince George's,Dark Lights On,Angle Meets Right Turn,Clear,Other Vehicle,Not Applicable,No Defects,Property Damage Crash
Baltimore City,Dark No Lights,Head On,Raining,Other Vehicle,Other Vehicle,No Defects,Property Damage Crash
Anne Arundel,Daylight,Not Applicable,Raining,Other Vehicle,Not Applicable,No Defects,Property Damage Crash
Baltimore,Daylight,Opposite Direction Sideswipe,Clear,Other Vehicle,Not Applicable,No Defects,Property Damage Crash
Prince George's,Not Applicable,Other,Not Applicable,Other Vehicle,Not Applicable,No Defects,Property Damage Crash
Baltimore,Not Applicable,Single Vehicle,Clear,Other Vehicle,Not Applicable,No Defects,Property Damage Crash
Charles,Dark No Lights,Single Vehicle,Raining,Other Vehicle,Not Applicable,No Defects,Property Damage Crash
Baltimore,Dark Lights On,Unknown,Clear,Other Vehicle,Not Applicable,No Defects,Property Damage Crash
Baltimore City,Unknown,Other,Raining,Other Vehicle,Not Applicable,No Defects,Property Damage Crash
Anne Arundel,Daylight,Same Direction Rear End,Raining,Other Vehicle,Fixed Object,Foreign Material,Property Damage Crash
Baltimore,Daylight,Same Direction Rear End Right Turn,Raining,Other Vehicle,Not Applicable,No Defects,Property Damage Crash
Anne Arundel,Daylight,Single Vehicle,Not Applicable,Other Vehicle,Fixed Object,No Defects,Property Damage Crash
Baltimore City,Unknown,Single Vehicle,Raining,Other Vehicle,Not Applicable,No Defects,Property Damage Crash
Prince George's,Daylight,Single Vehicle,Raining,Other Vehicle,Other Object,No Defects,Property Damage Crash
Baltimore,Daylight,Other,Raining,Other Vehicle,Parked Vehicle,No Defects,Property Damage Crash
Baltimore City,Dark Lights On,Other,Raining,Other Vehicle,Other Vehicle,No Defects,Property Damage Crash
Howard,Daylight,Same Direction Rear End,Clear,Other Vehicle,Not Applicable,No Defects,Property Damage Crash
Prince George's,Dark Lights On,Single Vehicle,Raining,Other Vehicle,Off Road,No Defects,Property Damage Crash
Baltimore,Daylight,Unknown,Cloudy,Other Vehicle,Unknown,No Defects,Property Damage Crash
Prince George's,Daylight,Single Vehicle,Clear,Other Vehicle,Not Applicable,No Defects,Property Damage Crash
Baltimore,Dark Lights On,Other,Not Applicable,Other Vehicle,Other Vehicle,No Defects,Property Damage Crash
Anne Arundel,Dark Lights On,Single Vehicle,Clear,Other Vehicle,Not Applicable,No Defects,Property Damage Crash
Howard,Daylight,Same Direction Sideswipe,Clear,Other Vehicle,Not Applicable,No Defects,Property Damage Crash
Anne Arundel,Daylight,Same Direction Rear End,Raining,Other Vehicle,Not Applicable,No Defects,Injury Crash
Carroll,Daylight,Single Vehicle,Raining,Other Vehicle,Fixed Object,No Defects,Property Damage Crash
Charles,Daylight,Single Vehicle,Raining,Other Vehicle,Fixed Object,Foreign Material,Property Damage Crash
Frederick,Dark No Lights,Single Vehicle,Raining,Other Vehicle,Fixed Object,Not Applicable,Injury Crash
Baltimore,Dark No Lights,Single Vehicle,Raining,Other Vehicle,Not Applicable,No Defects,Property Damage Crash
Baltimore,Daylight,Other,Raining,Other Vehicle,Not Applicable,No Defects,Property Damage Crash
Washington,Daylight,Other,Raining,Other Vehicle,Fixed Object,No Defects,Property Damage Crash
Baltimore,Daylight,Other,Raining,Other Vehicle,Not Applicable,No Defects,Property Damage Crash
Baltimore City,Daylight,Other,Raining,Other Vehicle,Not Applicable,No Defects,Property Damage Crash
Carroll,Daylight,Single Vehicle,Raining,Other Vehicle,Fixed Object,No Defects,Property Damage Crash
Baltimore City,Unknown,Other,Unknown,Other Vehicle,Not Applicable,No Defects,Property Damage Crash
Montgomery,Daylight,Other,Raining,Other Vehicle,Not Applicable,No Defects,Property Damage Crash
Baltimore,Daylight,Single Vehicle,Raining,Other Vehicle,Off Road,No Defects,Property Damage Crash
Baltimore City,Dark Lights On,Other,Clear,Other Vehicle,Parked Vehicle,No Defects,Property Damage Crash
Baltimore City,Dark Lights On,Same Movement Angle,Clear,Other Vehicle,Other Vehicle,No Defects,Property Damage Crash
Baltimore,Unknown,Unknown,Unknown,Other Vehicle,Unknown,No Defects,Property Damage Crash
Anne Arundel,Daylight,Single Vehicle,Raining,Other Vehicle,Not Applicable,No Defects,Property Damage Crash
Baltimore,Dark Lights On,Unknown,Clear,Other Vehicle,Not Applicable,No Defects,Property Damage Crash
Baltimore,Daylight,Same Direction Rear End,Clear,Other Vehicle,Not Applicable,No Defects,Injury Crash
Baltimore City,Dark Lights On,Not Applicable,Clear,Other Vehicle,Not Applicable,No Defects,Property Damage Crash
Baltimore,Daylight,Same Direction Rear End,Raining,Other Vehicle,Not Applicable,No Defects,Property Damage Crash
Montgomery,Daylight,Other,Raining,Other Vehicle,Not Applicable,No Defects,Property Damage Crash
Baltimore City,Daylight,Unknown,Raining,Other Vehicle,Not Applicable,No Defects,Property Damage Crash
Baltimore City,Daylight,Not Applicable,Clear,Other Vehicle,Not Applicable,No Defects,Property Damage Crash
Prince George's,Daylight,Other,Clear,Other Vehicle,Not Applicable,No Defects,Property Damage Crash
Baltimore,Dark Lights On,Single Vehicle,Not Applicable,Other Vehicle,Fixed Object,No Defects,Property Damage Crash
Montgomery,Dark Lights On,Other,Clear,Other Vehicle,Not Applicable,No Defects,Property Damage Crash
St. Mary's,Unknown,Single Vehicle,Unknown,Other Vehicle,Not Applicable,No Defects,Property Damage Crash
Dorchester,Dark Lights On,Single Vehicle,Raining,Other Vehicle,Not Applicable,No Defects,Property Damage Crash
Baltimore City,Daylight,Opposite Direction Sideswipe,Not Applicable,Other Vehicle,Parked Vehicle,No Defects,Property Damage Crash
Baltimore,Unknown,Other,Not Applicable,Other Vehicle,Not Applicable,No Defects,Property Damage Crash
Baltimore City,Daylight,Single Vehicle,Raining,Other Vehicle,Not Applicable,No Defects,Property Damage Crash
Dorchester,Daylight,Same Direction Rear End,Raining,Other Vehicle,Not Applicable,No Defects,Property Damage Crash
Baltimore City,Daylight,Unknown,Not Applicable,Other Vehicle,Not Applicable,No Defects,Property Damage Crash
Baltimore,Daylight,Unknown,Clear,Other Vehicle,Not Applicable,No Defects,Property Damage Crash
Anne Arundel,Daylight,Other,Not Applicable,Other Vehicle,Not Applicable,No Defects,Property Damage Crash
Montgomery,Dark Lights On,Same Direction Sideswipe,Not Applicable,Other Vehicle,Not Applicable,No Defects,Property Damage Crash
Baltimore,Daylight,Same Direction Rear End,Clear,Other Vehicle,Not Applicable,No Defects,Injury Crash
Baltimore City,Unknown,Unknown,Unknown,Other Vehicle,Not Applicable,No Defects,Property Damage Crash
Frederick,Dark Lights On,Other,Not Applicable,Other Vehicle,Not Applicable,No Defects,Property Damage Crash
Prince George's,Daylight,Single Vehicle,Not Applicable,Other Vehicle,Not Applicable,No Defects,Property Damage Crash
Baltimore City,Dawn,Single Vehicle,Clear,Other Vehicle,Not Applicable,No Defects,Property Damage Crash
Harford,Dark Lights On,Single Vehicle,Not Applicable,Other Vehicle,Not Applicable,No Defects,Property Damage Crash
Wicomico,Daylight,Other,Clear,Other Vehicle,Not Applicable,No Defects,Property Damage Crash
Prince George's,Dark Lights On,Single Vehicle,Raining,Other Vehicle,Not Applicable,Not Applicable,Property Damage Crash
Prince George's,Dark Lights On,Other,Clear,Other Vehicle,Fixed Object,No Defects,Property Damage Crash
St. Mary's,Daylight,Same Direction Rear End,Clear,Other Vehicle,Not Applicable,No Defects,Injury Crash
Baltimore,Not Applicable,Other,Clear,Other Vehicle,Other Vehicle,No Defects,Property Damage Crash
Baltimore,Daylight,Same Direction Left Turn,Clear,Other Vehicle,Not Applicable,No Defects,Property Damage Crash
Baltimore,Daylight,Same Movement Angle,Raining,Other Vehicle,Not Applicable,No Defects,Property Damage Crash
Howard,Daylight,Single Vehicle,Cloudy,Other Vehicle,Not Applicable,No Defects,Property Damage Crash
Carroll,Daylight,Same Movement Angle,Raining,Other Vehicle,Not Applicable,No Defects,Property Damage Crash
Cecil,Daylight,Single Vehicle,Raining,Other Vehicle,Not Applicable,No Defects,Property Damage Crash
Baltimore City,Daylight,Same Direction Sideswipe,Clear,Other Vehicle,Not Applicable,No Defects,Property Damage Crash
Baltimore,Daylight,Angle Meets Left Turn,Clear,Other Vehicle,Not Applicable,No Defects,Injury Crash
Prince George's,Dark Lights On,Single Vehicle,Not Applicable,Other Vehicle,Off Road,No Defects,Property Damage Crash
Anne Arundel,Dark Lights On,Same Direction Rear End,Clear,Other Vehicle,Not Applicable,No Defects,Property Damage Crash
Washington,Daylight,Not Applicable,Clear,Other Vehicle,Not Applicable,No Defects,Property Damage Crash
Anne Arundel,Dark No Lights,Single Vehicle,Not Applicable,Other Vehicle,Not Applicable,No Defects,Property Damage Crash
Baltimore City,Other,Same Direction Sideswipe,Not Applicable,Other Vehicle,Not Applicable,No Defects,Property Damage Crash
Kent,Dark No Lights,Other,Raining,Other Vehicle,Not Applicable,No Defects,Property Damage Crash
Baltimore City,Dark Lights On,Same Direction Left Turn,Clear,Other Vehicle,Not Applicable,No Defects,Property Damage Crash
Baltimore,Not Applicable,Unknown,Not Applicable,Other Vehicle,Not Applicable,No Defects,Property Damage Crash
Worcester,Daylight,Other,Not Applicable,Other Vehicle,Not Applicable,No Defects,Property Damage Crash
Baltimore City,Daylight,Single Vehicle,Raining,Other Vehicle,Not Applicable,"Holes, Ruts, Etc.",Property Damage Crash
Baltimore,Daylight,Single Vehicle,Unknown,Other Vehicle,Not Applicable,No Defects,Property Damage Crash
Baltimore City,Dark Lights On,Same Movement Angle,Raining,Other Vehicle,Not Applicable,No Defects,Property Damage Crash
Frederick,Dark Lights On,Same Direction Rear End,Clear,Other Vehicle,Other Vehicle,No Defects,Property Damage Crash
Baltimore City,Daylight,Same Direction Sideswipe,Not Applicable,Other Vehicle,Not Applicable,No Defects,Property Damage Crash
Prince George's,Daylight,Other,Raining,Other Vehicle,Not Applicable,No Defects,Property Damage Crash
Baltimore City,Daylight,Unknown,Raining,Other Vehicle,Other Vehicle,No Defects,Property Damage Crash
Harford,Daylight,Other,Not Applicable,Other Vehicle,Not Applicable,No Defects,Property Damage Crash
Prince George's,Dark Lights On,Other,Clear,Other Vehicle,Not Applicable,No Defects,Property Damage Crash
Baltimore,Dark Lights On,Same Direction Rear End,Clear,Other Vehicle,Parked Vehicle,No Defects,Property Damage Crash
Prince George's,Other,Unknown,Unknown,Other Vehicle,Not Applicable,No Defects,Property Damage Crash
Harford,Daylight,Head On Left Turn,Not Applicable,Other Vehicle,Off Road,No Defects,Property Damage Crash
Carroll,Daylight,Single Vehicle,Raining,Other Vehicle,Not Applicable,No Defects,Injury Crash
Baltimore,Dark No Lights,Single Vehicle,Raining,Other Vehicle,Not Applicable,No Defects,Property Damage Crash
Baltimore,Dark Lights On,Head On,Clear,Other Vehicle,Not Applicable,No Defects,Property Damage Crash
Cecil,Daylight,Other,Clear,Other Vehicle,Other Vehicle,No Defects,Property Damage Crash
Frederick,Daylight,Same Movement Angle,Not Applicable,Other Vehicle,Pedestrian,No Defects,Property Damage Crash
Baltimore,Not Applicable,Unknown,Not Applicable,Other Vehicle,Not Applicable,No Defects,Property Damage Crash
Montgomery,Daylight,Single Vehicle,Foggy,Other Vehicle,Fixed Object,No Defects,Property Damage Crash