county_desc,light_desc,collision_type_desc,weather_desc,harm_event_desc1,harm_event_desc2,rd_cond_desc,report_type
Baltimore,Unknown,Other,Not Applicable,Other Vehicle,Not Applicable,No Defects,Property Damage Crash
Baltimore City,Daylight,Single Vehicle,Raining,Other Vehicle,Not Applicable,No Defects,Property Damage Crash
Montgomery,Not Applicable,Other,Clear,Other Vehicle,Not Applicable,No Defects,Injury Crash
Anne Arundel,Dark Lights On,Other,Not Applicable,Other Vehicle,Not Applicable,No Defects,Property Damage Crash
Baltimore,Daylight,Unknown,Clear,Other Vehicle,Not Applicable,No Defects,Property Damage Crash
Baltimore,Daylight,Other,Clear,Other Vehicle,Not Applicable,No Defects,Injury Crash
Baltimore,Not Applicable,Unknown,Not Applicable,Other Vehicle,Unknown,No Defects,Property Damage Crash
Frederick,Daylight,Other,Clear,Other Vehicle,Not Applicable,No Defects,Property Damage Crash
Howard,Daylight,Other,Clear,Other Vehicle,Other Vehicle,No Defects,Injury Crash
Baltimore,Dark Lights On,Single Vehicle,Clear,Other Vehicle,Not Applicable,No Defects,Property Damage Crash
Baltimore,Unknown,Unknown,Unknown,Other Vehicle,Unknown,No Defects,Property Damage Crash
Baltimore,Daylight,Other,Clear,Other Vehicle,Other Vehicle,No Defects,Property Damage Crash
Howard,Dark Lights On,Other,Clear,Other Vehicle,Not Applicable,No Defects,Injury Crash
Baltimore,Daylight,Unknown,Clear,Other Vehicle,Unknown,No Defects,Property Damage Crash
Montgomery,Daylight,Single Vehicle,Clear,Other Vehicle,Not Applicable,No Defects,Property Damage Crash
Prince George's,Daylight,Same Movement Angle,Not Applicable,Other Vehicle,Other Vehicle,No Defects,Property Damage Crash
St. Mary's,Daylight,Single Vehicle,Clear,Other Vehicle,Fixed Object,No Defects,Property Damage Crash
Baltimore,Daylight,Same Movement Angle,Clear,Other Vehicle,Not Applicable,No Defects,Injury Crash
Baltimore,Unknown,Unknown,Clear,Other Vehicle,Not Applicable,No Defects,Property Damage Crash
Baltimore,Dark Lights On,Other,Wintry Mix,Other Vehicle,Not Applicable,No Defects,Property Damage Crash
Howard,Daylight,Head On,Clear,Other Vehicle,Not Applicable,No Defects,Property Damage Crash
Calvert,Dark Lights On,Other,Clear,Other Vehicle,Other Vehicle,No Defects,Injury Crash
Montgomery,Daylight,Same Direction Sideswipe,Clear,Other Vehicle,Not Applicable,No Defects,Property Damage Crash
Baltimore City,Unknown,Single Vehicle,Clear,Other Vehicle,Not Applicable,No Defects,Property Damage Crash
Anne Arundel,Daylight,Other,Clear,Other Vehicle,Not Applicable,No Defects,Injury Crash
Frederick,Daylight,Single Vehicle,Raining,Other Vehicle,Not Applicable,No Defects,Property Damage Crash
Prince George's,Daylight,Other,Clear,Other Vehicle,Parked Vehicle,No Defects,Injury Crash
Baltimore,Daylight,Other,Clear,Other Vehicle,Not Applicable,No Defects,Property Damage Crash
Worcester,Daylight,Unknown,Unknown,Other Vehicle,Not Applicable,No Defects,Property Damage Crash
Kent,Daylight,Single Vehicle,Clear,Other Vehicle,Not Applicable,No Defects,Injury Crash
Baltimore,Dark Lights On,Other,Clear,Other Vehicle,Not Applicable,No Defects,Property Damage Crash
Charles,Daylight,Head On Left Turn,Clear,Other Vehicle,Not Applicable,No Defects,Injury Crash
Baltimore,Daylight,Other,Clear,Other Vehicle,Not Applicable,No Defects,Property Damage Crash
Montgomery,Dark Lights On,Other,Clear,Other Vehicle,Other Vehicle,No Defects,Property Damage Crash
Wicomico,Daylight,Other,Raining,Other Vehicle,Not Applicable,No Defects,Injury Crash
Baltimore City,Daylight,Other,Clear,Other Vehicle,Not Applicable,No Defects,Injury Crash
Talbot,Daylight,Single Vehicle,Clear,Other Vehicle,Not Applicable,No Defects,Property Damage Crash
Baltimore,Dark Lights On,Single Vehicle,Severe Winds,Other Vehicle,Not Applicable,No Defects,Injury Crash
Frederick,Unknown,Single Vehicle,Not Applicable,Other Vehicle,Not Applicable,No Defects,Property Damage Crash
Baltimore,Unknown,Unknown,Unknown,Other Vehicle,Unknown,No Defects,Property Damage Crash
Anne Arundel,Daylight,Other,Clear,Other Vehicle,Not Applicable,No Defects,Property Damage Crash
Prince George's,Daylight,Single Vehicle,Clear,Other Vehicle,U-turn,No Defects,Property Damage Crash
Charles,Daylight,Single Vehicle,Clear,Other Vehicle,Not Applicable,No Defects,Injury Crash
Howard,Daylight,Other,Clear,Other Vehicle,Not Applicable,No Defects,Property Damage Crash
Prince George's,Daylight,Other,Clear,Other Vehicle,Not Applicable,No Defects,Property Damage Crash
Baltimore,Daylight,Other,Clear,Other Vehicle,Fixed Object,No Defects,Property Damage Crash
Montgomery,Dark Lights On,Other,Cloudy,Other Vehicle,Not Applicable,No Defects,Property Damage Crash
Baltimore,Unknown,Unknown,Clear,Other Vehicle,Unknown,No Defects,Property Damage Crash
Baltimore,Not Applicable,Other,Not Applicable,Other Vehicle,Not Applicable,No Defects,Injury Crash
Garrett,Daylight,Other,Clear,Other Vehicle,Not Applicable,No Defects,Property Damage Crash
Baltimore,Dark Lights On,Unknown,Not Applicable,Other Vehicle,Unknown,No Defects,Property Damage Crash
Baltimore,Daylight,Other,Clear,Other Vehicle,Not Applicable,No Defects,Property Damage Crash
Worcester,Daylight,Single Vehicle,Clear,Other Vehicle,Not Applicable,No Defects,Injury Crash
Baltimore,Daylight,Unknown,Unknown,Other Vehicle,Not Applicable,No Defects,Property Damage Crash
Talbot,Daylight,Single Vehicle,Raining,Other Vehicle,Not Applicable,No Defects,Property Damage Crash
Baltimore,Dark Lights On,Other,Raining,Other Vehicle,Fixed Object,No Defects,Property Damage Crash
Baltimore City,Daylight,Same Movement Angle,Clear,Other Vehicle,Other Vehicle,No Defects,Property Damage Crash
Washington,Daylight,Other,Raining,Other Vehicle,Not Applicable,No Defects,Property Damage Crash
Washington,Dark Lights On,Same Direction Left Turn,Raining,Other Vehicle,Not Applicable,No Defects,Property Damage Crash
Baltimore,Daylight,Unknown,Unknown,Other Vehicle,Unknown,No Defects,Property Damage Crash
Prince George's,Daylight,Other,Not Applicable,Other Vehicle,Other Vehicle,No Defects,Property Damage Crash
Anne Arundel,Daylight,Head On,Raining,Other Vehicle,Not Applicable,No Defects,Property Damage Crash
Baltimore City,Daylight,Same Direction Right Turn,Not Applicable,Other Vehicle,Not Applicable,No Defects,Property Damage Crash
Prince George's,Daylight,Same Direction Left Turn,Not Applicable,Other Vehicle,Not Applicable,No Defects,Property Damage Crash
Baltimore,Daylight,Same Direction Right Turn,Not Applicable,Other Vehicle,Not Applicable,No Defects,Property Damage Crash
Prince George's,Dark No Lights,Other,Not Applicable,Other Vehicle,Parked Vehicle,No Defects,Property Damage Crash
Baltimore,Daylight,Unknown,Unknown,Other Vehicle,Other Vehicle,No Defects,Property Damage Crash
Baltimore,Daylight,Other,Raining,Other Vehicle,Not Applicable,No Defects,Property Damage Crash
Prince George's,Daylight,Single Vehicle,Not Applicable,Other Vehicle,Other Object,No Defects,Property Damage Crash
Anne Arundel,Daylight,Other,Not Applicable,Other Vehicle,Parked Vehicle,No Defects,Property Damage Crash
Baltimore,Daylight,Single Vehicle,Not Applicable,Other Vehicle,Not Applicable,No Defects,Injury Crash
Montgomery,Daylight,Other,Not Applicable,Other Vehicle,Not Applicable,No Defects,Property Damage Crash
Prince George's,Daylight,Same Direction Sideswipe,Not Applicable,Other Vehicle,Other Vehicle,No Defects,Injury Crash
Baltimore,Daylight,Other,Raining,Other Vehicle,Not Applicable,No Defects,Property Damage Crash
Baltimore City,Unknown,Unknown,Unknown,Other Vehicle,Parked Vehicle,No Defects,Property Damage Crash
Baltimore City,Daylight,Other,Raining,Other Vehicle,Not Applicable,No Defects,Property Damage Crash
Anne Arundel,Daylight,Other,Raining,Other Vehicle,Not Applicable,No Defects,Property Damage Crash
Baltimore,Daylight,Other,Not Applicable,Other Vehicle,Backing,No Defects,Property Damage Crash
Baltimore,Unknown,Unknown,Unknown,Other Vehicle,Not Applicable,No Defects,Property Damage Crash
Baltimore,Unknown,Unknown,Unknown,Other Vehicle,Not Applicable,No Defects,Property Damage Crash
Baltimore,Daylight,Single Vehicle,Clear,Other Vehicle,Not Applicable,No Defects,Injury Crash
Prince George's,Dark Lights On,Other,Clear,Other Vehicle,Not Applicable,No Defects,Property Damage Crash
Baltimore,Daylight,Unknown,Unknown,Other Vehicle,Not Applicable,No Defects,Property Damage Crash
Baltimore,Daylight,Opposite Direction Sideswipe,Clear,Other Vehicle,Not Applicable,No Defects,Property Damage Crash
Baltimore,Daylight,Single Vehicle,Raining,Other Vehicle,Not Applicable,No Defects,Property Damage Crash
Anne Arundel,Dark Lights On,Same Movement Angle,Not Applicable,Other Vehicle,Not Applicable,No Defects,Property Damage Crash
Baltimore,Unknown,Other,Unknown,Other Vehicle,Not Applicable,No Defects,Property Damage Crash
Anne Arundel,Dark Lights On,Other,Clear,Other Vehicle,Not Applicable,No Defects,Property Damage Crash
Baltimore,Daylight,Other,Clear,Other Vehicle,Parked Vehicle,No Defects,Property Damage Crash
Howard,Daylight,Single Vehicle,Clear,Other Vehicle,Not Applicable,No Defects,Injury Crash
Baltimore,Daylight,Single Vehicle,Not Applicable,Other Vehicle,Not Applicable,No Defects,Property Damage Crash
Baltimore City,Unknown,Unknown,Unknown,Other Vehicle,Not Applicable,No Defects,Property Damage Crash
Anne Arundel,Dark Lights On,Single Vehicle,Wintry Mix,Other Vehicle,Not Applicable,No Defects,Property Damage Crash
Anne Arundel,Daylight,Other,Raining,Other Vehicle,Off Road,No Defects,Property Damage Crash
Baltimore City,Daylight,Unknown,Not Applicable,Other Vehicle,Other Vehicle,No Defects,Property Damage Crash
Baltimore,Unknown,Unknown,Not Applicable,Other Vehicle,Not Applicable,No Defects,Property Damage Crash
Montgomery,Dark Lights On,Single Vehicle,Raining,Other Vehicle,Not Applicable,No Defects,Injury Crash
Baltimore,Daylight,Unknown,Unknown,Other Vehicle,Unknown,No Defects,Property Damage Crash
Howard,Daylight,Other,Raining,Other Vehicle,Parked Vehicle,No Defects,Property Damage Crash
Prince George's,Dark Lights On,Single Vehicle,Raining,Other Vehicle,Not Applicable,No Defects,Property Damage Crash
Montgomery,Dark Lights On,Not Applicable,Clear,Other Vehicle,Not Applicable,No Defects,Property Damage Crash
Baltimore,Dark Lights On,Other,Clear,Other Vehicle,Not Applicable,No Defects,Property Damage Crash
Baltimore,Daylight,Unknown,Not Applicable,Other Vehicle,Not Applicable,No Defects,Property Damage Crash
Baltimore,Daylight,Same Movement Angle,Clear,Other Vehicle,Not Applicable,No Defects,Property Damage Crash
Baltimore,Unknown,Single Vehicle,Clear,Other Vehicle,Not Applicable,No Defects,Property Damage Crash
Wicomico,Daylight,Head On,Not Applicable,Other Vehicle,Not Applicable,No Defects,Property Damage Crash
Montgomery,Daylight,Same Direction Sideswipe,Not Applicable,Other Vehicle,Not Applicable,No Defects,Property Damage Crash
Baltimore,Unknown,Unknown,Unknown,Other Vehicle,Not Applicable,No Defects,Property Damage Crash
Baltimore,Unknown,Unknown,Unknown,Other Vehicle,Not Applicable,No Defects,Property Damage Crash
Baltimore City,Daylight,Unknown,Unknown,Other Vehicle,Unknown,No Defects,Property Damage Crash
Caroline,Daylight,Other,Clear,Other Vehicle,Parked Vehicle,No Defects,Injury Crash
Baltimore City,Daylight,Not Applicable,Not Applicable,Other Vehicle,Not Applicable,No Defects,Property Damage Crash
Baltimore City,Daylight,Unknown,Raining,Other Vehicle,Not Applicable,No Defects,Property Damage Crash
Prince George's,Dark Lights On,Other,Not Applicable,Other Vehicle,Not Applicable,No Defects,Property Damage Crash
Anne Arundel,Dark No Lights,Single Vehicle,Clear,Other Vehicle,Not Applicable,No Defects,Injury Crash
Baltimore,Dark Lights On,Other,Not Applicable,Other Vehicle,Not Applicable,No Defects,Property Damage Crash
Baltimore,Daylight,Unknown,Not Applicable,Other Vehicle,Not Applicable,No Defects,Property Damage Crash
Charles,Daylight,Single Vehicle,Raining,Other Vehicle,Not Applicable,No Defects,Property Damage Crash
Prince George's,Daylight,Other,Raining,Other Vehicle,Other Vehicle,No Defects,Property Damage Crash
Wicomico,Dark Lights On,Single Vehicle,Foggy,Other Vehicle,Fixed Object,No Defects,Property Damage Crash
Prince George's,Unknown,Unknown,Unknown,Other Vehicle,Unknown,No Defects,Property Damage Crash
Baltimore,Daylight,Other,Clear,Other Vehicle,Not Applicable,No Defects,Property Damage Crash
Baltimore City,Daylight,Same Direction Sideswipe,Raining,Other Vehicle,Not Applicable,Not Applicable,Property Damage Crash
Baltimore City,Daylight,Single Vehicle,Raining,Other Vehicle,Explosion or Fire,No Defects,Property Damage Crash
Prince George's,Daylight,Single Vehicle,Other,Other Vehicle,Not Applicable,No Defects,Property Damage Crash
Montgomery,Dawn,Angle Meets Left Turn Head On,Clear,Other Vehicle,Not Applicable,No Defects,Property Damage Crash
Baltimore City,Daylight,Same Movement Angle,Clear,Other Vehicle,Other Vehicle,No Defects,Injury Crash
Baltimore City,Daylight,Same Direction Rear End,Raining,Other Vehicle,Not Applicable,No Defects,Property Damage Crash
Prince George's,Daylight,Head On Left Turn,Raining,Other Vehicle,Not Applicable,No Defects,Property Damage Crash
Montgomery,Daylight,Same Movement Angle,Clear,Other Vehicle,Not Applicable,No Defects,Injury Crash
Baltimore,Not Applicable,Other,Raining,Other Vehicle,Not Applicable,No Defects,Property Damage Crash
Cecil,Daylight,Same Direction Rear End,Raining,Other Vehicle,Not Applicable,No Defects,Property Damage Crash
Prince George's,Daylight,Same Movement Angle,Raining,Other Vehicle,Not Applicable,No Defects,Property Damage Crash
Montgomery,Daylight,Single Vehicle,Raining,Other Vehicle,Fixed Object,No Defects,Property Damage Crash
Wicomico,Daylight,Same Direction Rear End,Raining,Other Vehicle,Not Applicable,No Defects,Property Damage Crash
Baltimore,Daylight,Unknown,Raining,Other Vehicle,Not Applicable,No Defects,Property Damage Crash
Worcester,Daylight,Single Vehicle,Raining,Other Vehicle,Not Applicable,No Defects,Property Damage Crash
Anne Arundel,Daylight,Other,Raining,Other Vehicle,Other Vehicle,No Defects,Property Damage Crash
Baltimore,Daylight,Same Direction Rear End,Cloudy,Other Vehicle,Not Applicable,No Defects,Injury Crash
Baltimore,Dark No Lights,Single Vehicle,Raining,Other Vehicle,Not Applicable,No Defects,Property Damage Crash
Baltimore,Daylight,Other,Raining,Other Vehicle,Not Applicable,No Defects,Property Damage Crash
Anne Arundel,Daylight,Single Vehicle,Raining,Other Vehicle,Not Applicable,No Defects,Injury Crash
Montgomery,Dark Lights On,Other,Raining,Other Vehicle,Not Applicable,No Defects,Property Damage Crash
Baltimore,Dark No Lights,Single Vehicle,Not Applicable,Other Vehicle,Not Applicable,No Defects,Property Damage Crash
Baltimore,Daylight,Opposite Direction Sideswipe,Raining,Other Vehicle,Not Applicable,No Defects,Property Damage Crash
Carroll,Daylight,Single Vehicle,Not Applicable,Other Vehicle,Fixed Object,No Defects,Property Damage Crash
Prince George's,Daylight,Single Vehicle,Raining,Other Vehicle,Not Applicable,No Defects,Property Damage Crash
Baltimore City,Daylight,Single Vehicle,Raining,Other Vehicle,Not Applicable,Not Applicable,Property Damage Crash
St. Mary's,Dark No Lights,Single Vehicle,Clear,Other Vehicle,Overturn,No Defects,Injury Crash
Frederick,Daylight,Other,Raining,Other Vehicle,Not Applicable,No Defects,Injury Crash
Harford,Daylight,Other,Raining,Other Vehicle,Not Applicable,No Defects,Property Damage Crash
Baltimore,Daylight,Unknown,Raining,Other Vehicle,Not Applicable,No Defects,Property Damage Crash
Talbot,Daylight,Not Applicable,Raining,Other Vehicle,Other Non Collision,No Defects,Property Damage Crash
Baltimore,Dark Lights On,Other,Raining,Other Vehicle,Not Applicable,No Defects,Property Damage Crash
Prince George's,Dark Lights On,Single Vehicle,Raining,Other Vehicle,Not Applicable,No Defects,Property Damage Crash
Charles,Dark Lights On,Other,Raining,Other Vehicle,Not Applicable,No Defects,Property Damage Crash
Harford,Daylight,Angle Meets Left Turn Head On,Raining,Other Vehicle,Not Applicable,No Defects,Property Damage Crash
Prince George's,Daylight,Single Vehicle,Raining,Other Vehicle,Not Applicable,No Defects,Property Damage Crash
Wicomico,Daylight,Single Vehicle,Raining,Other Vehicle,Not Applicable,No Defects,Property Damage Crash
Baltimore City,Daylight,Head On Left Turn,Raining,Other Vehicle,Not Applicable,No Defects,Property Damage Crash
Baltimore City,Daylight,Other,Raining,Other Vehicle,Not Applicable,No Defects,Property Damage Crash
Harford,Dark Lights On,Single Vehicle,Raining,Other Vehicle,Not Applicable,No Defects,Property Damage Crash
Montgomery,Daylight,Other,Raining,Other Vehicle,Not Applicable,No Defects,Property Damage Crash
Montgomery,Dark Lights On,Single Vehicle,Raining,Other Vehicle,Fixed Object,No Defects,Injury Crash
Prince George's,Unknown,Other,Raining,Other Vehicle,Not Applicable,No Defects,Property Damage Crash
St. Mary's,Daylight,Single Vehicle,Raining,Other Vehicle,Off Road,No Defects,Injury Crash
Carroll,Dark Lights On,Head On,Raining,Other Vehicle,Not Applicable,No Defects,Injury Crash
Baltimore,Daylight,Unknown,Raining,Other Vehicle,Not Applicable,No Defects,Property Damage Crash
Montgomery,Daylight,Single Vehicle,Raining,Other Vehicle,Not Applicable,No Defects,Property Damage Crash
Baltimore City,Daylight,Other,Raining,Other Vehicle,Not Applicable,No Defects,Property Damage Crash
Baltimore,Daylight,Single Vehicle,Raining,Other Vehicle,Not Applicable,No Defects,Property Damage Crash
Howard,Daylight,Single Vehicle,Raining,Other Vehicle,Not Applicable,No Defects,Property Damage Crash
Baltimore,Unknown,Unknown,Not Applicable,Other Vehicle,Not Applicable,No Defects,Property Damage Crash
Baltimore,Dark Lights On,Single Vehicle,Raining,Other Vehicle,Not Applicable,No Defects,Property Damage Crash
Charles,Daylight,Single Vehicle,Raining,Other Vehicle,Fixed Object,No Defects,Property Damage Crash
Carroll,Dark Lights On,Other,Raining,Other Vehicle,Not Applicable,No Defects,Property Damage Crash
Baltimore,Unknown,Unknown,Not Applicable,Other Vehicle,Not Applicable,No Defects,Property Damage Crash
Anne Arundel,Daylight,Head On,Not Applicable,Other Vehicle,Not Applicable,No Defects,Property Damage Crash
Anne Arundel,Daylight,Other,Raining,Other Vehicle,Not Applicable,No Defects,Property Damage Crash
Prince George's,Daylight,Other,Raining,Other Vehicle,Not Applicable,No Defects,Injury Crash
Anne Arundel,Daylight,Head On,Raining,Other Vehicle,Other Vehicle,Not Applicable,Property Damage Crash
Baltimore,Daylight,Other,Raining,Other Vehicle,Parked Vehicle,No Defects,Property Damage Crash
Frederick,Daylight,Other,Raining,Other Vehicle,Not Applicable,No Defects,Injury Crash
Prince George's,Daylight,Other,Raining,Other Vehicle,Not Applicable,No Defects,Property Damage Crash
Prince George's,Daylight,Other,Raining,Other Vehicle,Not Applicable,No Defects,Property Damage Crash
Baltimore,Daylight,Same Direction Sideswipe,Not Applicable,Other Vehicle,Not Applicable,No Defects,Property Damage Crash
Carroll,Daylight,Other,Raining,Other Vehicle,Other Vehicle,No Defects,Injury Crash
Anne Arundel,Other,Other,Raining,Other Vehicle,Not Applicable,No Defects,Property Damage Crash
Prince George's,Daylight,Same Movement Angle,Raining,Other Vehicle,Not Applicable,No Defects,Property Damage Crash
Calvert,Daylight,Other,Raining,Other Vehicle,Not Applicable,No Defects,Injury Crash
Prince George's,Dark No Lights,Single Vehicle,Raining,Other Vehicle,Not Applicable,No Defects,Property Damage Crash
Baltimore,Dark No Lights,Other,Raining,Other Vehicle,Parked Vehicle,No Defects,Property Damage Crash
Baltimore City,Daylight,Angle Meets Right Turn,Raining,Other Vehicle,Not Applicable,No Defects,Injury Crash
Baltimore,Unknown,Single Vehicle,Raining,Other Vehicle,Fixed Object,No Defects,Injury Crash
Baltimore,Unknown,Unknown,Raining,Other Vehicle,Not Applicable,No Defects,Property Damage Crash
Montgomery,Daylight,Single Vehicle,Raining,Other Vehicle,Not Applicable,No Defects,Property Damage Crash
Prince George's,Daylight,Same Movement Angle,Raining,Other Vehicle,Not Applicable,No Defects,Injury Crash
Anne Arundel,Unknown,Other,Raining,Other Vehicle,Not Applicable,No Defects,Property Damage Crash
Montgomery,Dark Lights On,Single Vehicle,Raining,Other Vehicle,Not Applicable,No Defects,Property Damage Crash
Frederick,Dark Lights On,Other,Raining,Other Vehicle,Not Applicable,No Defects,Property Damage Crash
Prince George's,Dark Lights On,Angle Meets Left Turn,Raining,Other Vehicle,Overturn,No Defects,Fatal Crash
Baltimore City,Daylight,Other,Raining,Other Vehicle,Not Applicable,No Defects,Injury Crash
Prince George's,Dark Lights On,Other,Raining,Other Vehicle,Not Applicable,No Defects,Property Damage Crash
Baltimore,Daylight,Other,Raining,Other Vehicle,Not Applicable,No Defects,Injury Crash
Montgomery,Dark Lights On,Same Direction Sideswipe,Raining,Other Vehicle,Not Applicable,No Defects,Property Damage Crash
Montgomery,Daylight,Same Direction Right Turn,Raining,Other Vehicle,Not Applicable,No Defects,Property Damage Crash
Baltimore,Daylight,Same Movement Angle,Raining,Other Vehicle,Not Applicable,No Defects,Property Damage Crash
Prince George's,Daylight,Single Vehicle,Raining,Other Vehicle,Not Applicable,No Defects,Property Damage Crash
Baltimore,Daylight,Unknown,Raining,Other Vehicle,Not Applicable,No Defects,Property Damage Crash
Prince George's,Daylight,Other,Raining,Other Vehicle,Not Applicable,No Defects,Property Damage Crash
Montgomery,Daylight,Other,Raining,Other Vehicle,Not Applicable,No Defects,Property Damage Crash
Garrett,Daylight,Single Vehicle,Raining,Other Vehicle,Not Applicable,No Defects,Property Damage Crash
Montgomery,Dark Lights On,Other,Raining,Other Vehicle,Not Applicable,No Defects,Property Damage Crash
Harford,Daylight,Other,Raining,Other Vehicle,Not Applicable,No Defects,Property Damage Crash
Baltimore,Unknown,Unknown,Raining,Other Vehicle,Parked Vehicle,No Defects,Property Damage Crash
Prince George's,Daylight,Other,Raining,Other Vehicle,Not Applicable,No Defects,Property Damage Crash
Prince George's,Daylight,Other,Raining,Other Vehicle,Other Vehicle,No Defects,Property Damage Crash
Baltimore,Unknown,Unknown,Unknown,Other Vehicle,Unknown,No Defects,Property Damage Crash
Cecil,Daylight,Single Vehicle,Unknown,Other Vehicle,Fixed Object,No Defects,Property Damage Crash
Harford,Daylight,Single Vehicle,Raining,Other Vehicle,Not Applicable,No Defects,Property Damage Crash
Montgomery,Daylight,Other,Raining,Other Vehicle,Not Applicable,No Defects,Property Damage Crash
Baltimore,Dark Lights On,Same Direction Sideswipe,Not Applicable,Other Vehicle,Not Applicable,No Defects,Property Damage Crash
St. Mary's,Daylight,Same Direction Right Turn,Raining,Other Vehicle,Not Applicable,No Defects,Injury Crash
Anne Arundel,Dark Lights On,Other,Raining,Other Vehicle,Other Vehicle,No Defects,Property Damage Crash
Montgomery,Daylight,Other,Raining,Other Vehicle,Not Applicable,No Defects,Property Damage Crash
Baltimore,Daylight,Unknown,Not Applicable,Other Vehicle,Not Applicable,No Defects,Property Damage Crash
Prince George's,Dark Lights On,Other,Raining,Other Vehicle,Not Applicable,No Defects,Property Damage Crash
Montgomery,Daylight,Head On Left Turn,Raining,Other Vehicle,Not Applicable,No Defects,Property Damage Crash
Baltimore,Dark Lights On,Unknown,Raining,Other Vehicle,Not Applicable,No Defects,Property Damage Crash
Baltimore,Daylight,Other,Raining,Other Vehicle,Not Applicable,No Defects,Property Damage Crash
Prince George's,Daylight,Same Movement Angle,Raining,Other Vehicle,Parked Vehicle,No Defects,Property Damage Crash
Prince George's,Daylight,Other,Not Applicable,Other Vehicle,Not Applicable,No Defects,Property Damage Crash
Anne Arundel,Daylight,Same Direction Rear End,Raining,Other Vehicle,Not Applicable,No Defects,Property Damage Crash
Queen Anne's,Daylight,Same Direction Rear End,Raining,Other Vehicle,Not Applicable,No Defects,Property Damage Crash
Baltimore,Daylight,Other,Raining,Other Vehicle,Not Applicable,No Defects,Property Damage Crash
Wicomico,Daylight,Other,Raining,Other Vehicle,Parked Vehicle,No Defects,Property Damage Crash
Howard,Dark Lights On,Same Movement Angle,Raining,Other Vehicle,Not Applicable,No Defects,Property Damage Crash
Baltimore,Daylight,Unknown,Raining,Other Vehicle,Not Applicable,No Defects,Property Damage Crash
Prince George's,Daylight,Other,Raining,Other Vehicle,Backing,No Defects,Property Damage Crash
Charles,Daylight,Same Movement Angle,Raining,Other Vehicle,Fixed Object,No Defects,Property Damage Crash
Baltimore City,Daylight,Unknown,Raining,Other Vehicle,Not Applicable,No Defects,Property Damage Crash
Prince George's,Daylight,Other,Raining,Other Vehicle,Not Applicable,No Defects,Injury Crash
Baltimore,Daylight,Other,Raining,Other Vehicle,Parked Vehicle,No Defects,Property Damage Crash
Washington,Dark Lights On,Single Vehicle,Raining,Other Vehicle,Fixed Object,No Defects,Property Damage Crash
Baltimore City,Daylight,Other,Raining,Other Vehicle,Not Applicable,No Defects,Property Damage Crash
Montgomery,Dark Lights On,Other,Raining,Other Vehicle,Not Applicable,No Defects,Property Damage Crash
Baltimore,Daylight,Same Direction Rear End,Raining,Other Vehicle,Not Applicable,No Defects,Injury Crash
Anne Arundel,Daylight,Same Direction Rear End,Raining,Other Vehicle,Not Applicable,No Defects,Property Damage Crash
Prince George's,Daylight,Single Vehicle,Raining,Other Vehicle,Not Applicable,No Defects,Property Damage Crash
Charles,Daylight,Same Movement Angle,Raining,Other Vehicle,Not Applicable,No Defects,Property Damage Crash
Baltimore,Dark Lights On,Other,Raining,Other Vehicle,Other Vehicle,No Defects,Property Damage Crash
Montgomery,Daylight,Other,Raining,Other Vehicle,Not Applicable,No Defects,Property Damage Crash
Baltimore,Unknown,Other,Unknown,Other Vehicle,Not Applicable,No Defects,Property Damage Crash
Baltimore,Dark Lights On,Single Vehicle,Raining,Other Vehicle,Not Applicable,No Defects,Injury Crash
Baltimore,Daylight,Same Direction Sideswipe,Raining,Other Vehicle,Not Applicable,No Defects,Property Damage Crash
Baltimore,Unknown,Other,Raining,Other Vehicle,Other Vehicle,No Defects,Property Damage Crash
Baltimore,Not Applicable,Other,Raining,Other Vehicle,Not Applicable,No Defects,Property Damage Crash
Frederick,Daylight,Opposite Direction Sideswipe,Raining,Other Vehicle,Not Applicable,No Defects,Injury Crash
Anne Arundel,Dark Lights On,Single Vehicle,Raining,Other Vehicle,Overturn,No Defects,Property Damage Crash
Baltimore,Other,Single Vehicle,Raining,Other Vehicle,Not Applicable,No Defects,Injury Crash
Anne Arundel,Daylight,Same Direction Rear End,Raining,Other Vehicle,Not Applicable,No Defects,Property Damage Crash
Anne Arundel,Daylight,Other,Raining,Other Vehicle,Parked Vehicle,No Defects,Property Damage Crash
Prince George's,Dark Lights On,Other,Raining,Other Vehicle,Not Applicable,No Defects,Property Damage Crash
Harford,Dark Lights On,Same Direction Rear End,Raining,Other Vehicle,Not Applicable,No Defects,Property Damage Crash
Baltimore,Daylight,Unknown,Raining,Other Vehicle,Not Applicable,No Defects,Property Damage Crash
Prince George's,Daylight,Other,Raining,Other Vehicle,Not Applicable,No Defects,Property Damage Crash
Montgomery,Dark Lights On,Unknown,Raining,Other Vehicle,Not Applicable,No Defects,Property Damage Crash
Prince George's,Daylight,Single Vehicle,Raining,Other Vehicle,Not Applicable,No Defects,Property Damage Crash
Baltimore,Daylight,Other,Raining,Other Vehicle,Other Vehicle,No Defects,Property Damage Crash
St. Mary's,Daylight,Same Movement Angle,Raining,Other Vehicle,Not Applicable,No Defects,Property Damage Crash
Baltimore,Daylight,Opposite Direction Both Left Turn,Raining,Other Vehicle,Not Applicable,No Defects,Property Damage Crash
Baltimore,Daylight,Other,Raining,Other Vehicle,Not Applicable,No Defects,Property Damage Crash
Baltimore City,Daylight,Other,Raining,Other Vehicle,Other Vehicle,No Defects,Injury Crash
Baltimore,Unknown,Unknown,Raining,Other Vehicle,Not Applicable,No Defects,Property Damage Crash
Prince George's,Daylight,Head On,Raining,Other Vehicle,Other Vehicle,No Defects,Property Damage Crash