county_desc,light_desc,collision_type_desc,weather_desc,harm_event_desc1,harm_event_desc2,rd_cond_desc,report_type
Baltimore City,Daylight,Same Movement Angle,Raining,Other Vehicle,Not Applicable,No Defects,Property Damage Crash
Prince George's,Unknown,Opposite Direction Sideswipe,Raining,Other Vehicle,Not Applicable,No Defects,Property Damage Crash
Baltimore City,Daylight,Unknown,Raining,Other Vehicle,Other Vehicle,No Defects,Property Damage Crash
Allegany,Daylight,Same Direction Rear End,Raining,Other Vehicle,Not Applicable,No Defects,Property Damage Crash
Baltimore City,Daylight,Same Direction Rear End,Raining,Other Vehicle,Parked Vehicle,No Defects,Property Damage Crash
Cecil,Dark Lights On,Head On Left Turn,Raining,Other Vehicle,Not Applicable,No Defects,Injury Crash
Baltimore,Daylight,Same Movement Angle,Raining,Other Vehicle,Not Applicable,No Defects,Injury Crash
Prince George's,Daylight,Single Vehicle,Raining,Other Vehicle,Fixed Object,No Defects,Property Damage Crash
Baltimore City,Not Applicable,Unknown,Not Applicable,Other Vehicle,Not Applicable,No Defects,Property Damage Crash
Caroline,Dark Lights On,Single Vehicle,Clear,Other Vehicle,Fixed Object,No Defects,Property Damage Crash
Harford,Daylight,Other,Raining,Other Vehicle,Other Vehicle,No Defects,Property Damage Crash
Baltimore,Daylight,Unknown,Raining,Other Vehicle,Not Applicable,No Defects,Property Damage Crash
Prince George's,Dark Lights On,Other,Clear,Other Vehicle,Other Vehicle,No Defects,Property Damage Crash
Baltimore,Dark Lights On,Unknown,Raining,Other Vehicle,Parked Vehicle,No Defects,Property Damage Crash
Baltimore,Daylight,Head On,Raining,Other Vehicle,Not Applicable,No Defects,Property Damage Crash
Baltimore,Dark Lights On,Same Movement Angle,Not Applicable,Other Vehicle,Not Applicable,No Defects,Injury Crash
Prince George's,Daylight,Single Vehicle,Raining,Other Vehicle,Not Applicable,No Defects,Property Damage Crash
Baltimore City,Daylight,Other,Raining,Other Vehicle,Not Applicable,No Defects,Property Damage Crash
Baltimore,Daylight,Other,Raining,Other Vehicle,Not Applicable,No Defects,Property Damage Crash
Baltimore,Daylight,Single Vehicle,Raining,Other Vehicle,Not Applicable,No Defects,Property Damage Crash
Prince George's,Daylight,Same Direction Rear End,Raining,Other Vehicle,Not Applicable,Not Applicable,Property Damage Crash
Baltimore,Unknown,Unknown,Raining,Other Vehicle,Not Applicable,No Defects,Property Damage Crash
Frederick,Daylight,Same Movement Angle,Raining,Other Vehicle,Not Applicable,No Defects,Property Damage Crash
Worcester,Dark Lights On,Other,Raining,Other Vehicle,Not Applicable,No Defects,Property Damage Crash
Baltimore,Daylight,Other,Raining,Other Vehicle,Parked Vehicle,No Defects,Property Damage Crash
Baltimore,Unknown,Unknown,Unknown,Other Vehicle,Not Applicable,No Defects,Property Damage Crash
Montgomery,Dark - Unknown Lighting,Single Vehicle,Clear,Other Vehicle,Not Applicable,No Defects,Property Damage Crash
Montgomery,Daylight,Unknown,Raining,Other Vehicle,Not Applicable,No Defects,Property Damage Crash
Harford,Daylight,Other,Clear,Other Vehicle,Not Applicable,No Defects,Property Damage Crash
Anne Arundel,Daylight,Single Vehicle,Raining,Other Vehicle,Not Applicable,No Defects,Property Damage Crash
Baltimore,Daylight,Other,Raining,Other Vehicle,Not Applicable,No Defects,Property Damage Crash
Frederick,Daylight,Single Vehicle,Raining,Other Vehicle,Not Applicable,No Defects,Property Damage Crash
Calvert,Dark Lights On,Single Vehicle,Raining,Other Vehicle,Fixed Object,No Defects,Property Damage Crash
Frederick,Daylight,Single Vehicle,Raining,Other Vehicle,Other,No Defects,Property Damage Crash
Anne Arundel,Daylight,Same Direction Left Turn,Raining,Other Vehicle,Other Vehicle,No Defects,Property Damage Crash
Prince George's,Unknown,Unknown,Raining,Other Vehicle,Not Applicable,No Defects,Property Damage Crash
Anne Arundel,Daylight,Unknown,Raining,Other Vehicle,Not Applicable,No Defects,Property Damage Crash
Prince George's,Dark Lights On,Other,Raining,Other Vehicle,Other Vehicle,No Defects,Property Damage Crash
Howard,Daylight,Single Vehicle,Raining,Other Vehicle,Fixed Object,No Defects,Injury Crash
Baltimore City,Daylight,Single Vehicle,Raining,Other Vehicle,Not Applicable,No Defects,Property Damage Crash
Baltimore City,Daylight,Same Direction Rear End,Raining,Other Vehicle,Other Vehicle,No Defects,Injury Crash
Worcester,Daylight,Other,Raining,Other Vehicle,Not Applicable,No Defects,Property Damage Crash
Caroline,Daylight,Same Movement Angle,Clear,Other Vehicle,Not Applicable,No Defects,Injury Crash
Prince George's,Dusk,Other,Clear,Other Vehicle,Not Applicable,No Defects,Property Damage Crash
Baltimore City,Dark Lights On,Single Vehicle,Raining,Other Vehicle,Not Applicable,No Defects,Property Damage Crash
Baltimore City,Dark Lights On,Not Applicable,Raining,Other Vehicle,Other Vehicle,No Defects,Property Damage Crash
Prince George's,Daylight,Other,Raining,Other Vehicle,Not Applicable,No Defects,Property Damage Crash
Anne Arundel,Daylight,Single Vehicle,Raining,Other Vehicle,Fixed Object,No Defects,Property Damage Crash
Prince George's,Dark Lights On,Other,Clear,Other Vehicle,Not Applicable,No Defects,Injury Crash
Cecil,Daylight,Other,Raining,Other Vehicle,Not Applicable,No Defects,Property Damage Crash
Prince George's,Daylight,Same Movement Angle,Raining,Other Vehicle,Not Applicable,No Defects,Property Damage Crash
Montgomery,Daylight,Other,Raining,Other Vehicle,Not Applicable,No Defects,Property Damage Crash
Prince George's,Dark No Lights,Other,Raining,Other Vehicle,Other Vehicle,No Defects,Property Damage Crash
Montgomery,Daylight,Other,Raining,Other Vehicle,Not Applicable,No Defects,Property Damage Crash
Anne Arundel,Daylight,Same Direction Rear End,Raining,Other Vehicle,Not Applicable,No Defects,Property Damage Crash
Prince George's,Daylight,Single Vehicle,Raining,Other Vehicle,Fixed Object,No Defects,Property Damage Crash
Baltimore,Daylight,Unknown,Raining,Other Vehicle,Not Applicable,No Defects,Property Damage Crash
Anne Arundel,Dark Lights On,Other,Raining,Other Vehicle,Not Applicable,No Defects,Property Damage Crash
Baltimore,Daylight,Same Direction Sideswipe,Raining,Other Vehicle,Not Applicable,No Defects,Property Damage Crash
Baltimore City,Dark Lights On,Same Direction Sideswipe,Raining,Other Vehicle,Other Vehicle,No Defects,Property Damage Crash
Calvert,Dark - Unknown Lighting,Unknown,Not Applicable,Other Vehicle,Not Applicable,No Defects,Property Damage Crash
Calvert,Daylight,Angle Meets Right Turn,Raining,Other Vehicle,Not Applicable,No Defects,Injury Crash
Baltimore City,Daylight,Unknown,Raining,Other Vehicle,Not Applicable,No Defects,Property Damage Crash
Baltimore,Daylight,Same Direction Rear End,Clear,Other Vehicle,Not Applicable,No Defects,Injury Crash
St. Mary's,Daylight,Same Direction Rear End,Raining,Other Vehicle,Not Applicable,No Defects,Property Damage Crash
Baltimore City,Daylight,Same Direction Rear End,Raining,Other Vehicle,Parked Vehicle,Not Applicable,Property Damage Crash
Baltimore City,Daylight,Other,Raining,Other Vehicle,Parked Vehicle,No Defects,Property Damage Crash
Carroll,Dark No Lights,Same Direction Rear End,Raining,Other Vehicle,Not Applicable,No Defects,Property Damage Crash
Charles,Unknown,Unknown,Unknown,Other Vehicle,Unknown,No Defects,Property Damage Crash
Montgomery,Dark No Lights,Other,Raining,Other Vehicle,Not Applicable,No Defects,Property Damage Crash
Baltimore,Daylight,Unknown,Raining,Other Vehicle,Not Applicable,No Defects,Property Damage Crash
Prince George's,Daylight,Single Vehicle,Clear,Other Vehicle,Not Applicable,No Defects,Property Damage Crash
Baltimore,Daylight,Same Movement Angle,Clear,Other Vehicle,Other Vehicle,No Defects,Injury Crash
Cecil,Daylight,Same Movement Angle,Cloudy,Other Vehicle,Fixed Object,No Defects,Property Damage Crash
Prince George's,Dusk,Same Movement Angle,Clear,Other Vehicle,Not Applicable,No Defects,Property Damage Crash
Baltimore,Other,Unknown,Raining,Other Vehicle,Not Applicable,No Defects,Property Damage Crash
Montgomery,Daylight,Single Vehicle,Raining,Other Vehicle,Not Applicable,No Defects,Property Damage Crash
Baltimore City,Daylight,Unknown,Raining,Other Vehicle,Not Applicable,No Defects,Property Damage Crash
Charles,Dark No Lights,Single Vehicle,Raining,Other Vehicle,Not Applicable,No Defects,Property Damage Crash
Baltimore City,Daylight,Same Direction Sideswipe,Raining,Other Vehicle,Not Applicable,No Defects,Property Damage Crash
Baltimore,Dark No Lights,Unknown,Clear,Other Vehicle,Other Vehicle,No Defects,Property Damage Crash
Baltimore City,Daylight,Same Direction Sideswipe,Raining,Other Vehicle,Other Vehicle,No Defects,Property Damage Crash
Frederick,Daylight,Other,Raining,Other Vehicle,Other Vehicle,No Defects,Property Damage Crash
Baltimore,Daylight,Unknown,Raining,Other Vehicle,Not Applicable,No Defects,Property Damage Crash
Harford,Not Applicable,Same Direction Rear End Left Turn,Cloudy,Other Vehicle,Other Vehicle,No Defects,Injury Crash
Dorchester,Dark No Lights,Single Vehicle,Raining,Other Vehicle,Fixed Object,No Defects,Property Damage Crash
Prince George's,Dark Lights On,Same Movement Angle,Raining,Other Vehicle,Not Applicable,No Defects,Property Damage Crash
Frederick,Dark Lights On,Not Applicable,Raining,Other Vehicle,Parked Vehicle,No Defects,Property Damage Crash
Caroline,Daylight,Same Direction Rear End,Raining,Other Vehicle,Not Applicable,No Defects,Property Damage Crash
Baltimore,Dawn,Single Vehicle,Clear,Other Vehicle,Not Applicable,No Defects,Property Damage Crash
Anne Arundel,Dark Lights On,Other,Raining,Other Vehicle,Not Applicable,No Defects,Property Damage Crash
Baltimore City,Daylight,Same Direction Sideswipe,Raining,Other Vehicle,Not Applicable,No Defects,Property Damage Crash
Cecil,Daylight,Same Direction Rear End,Raining,Other Vehicle,Other Vehicle,No Defects,Property Damage Crash
Frederick,Daylight,Single Vehicle,Cloudy,Other Vehicle,Not Applicable,No Defects,Injury Crash
Baltimore,Daylight,Same Direction Rear End,Clear,Other Vehicle,Not Applicable,No Defects,Injury Crash
Prince George's,Dawn,Head On,Not Applicable,Other Vehicle,Other Vehicle,No Defects,Property Damage Crash
Prince George's,Dawn,Same Movement Angle,Clear,Other Vehicle,Not Applicable,No Defects,Property Damage Crash
Baltimore City,Daylight,Head On Left Turn,Raining,Other Vehicle,Other Vehicle,No Defects,Property Damage Crash
Baltimore,Daylight,Single Vehicle,Clear,Other Vehicle,Not Applicable,No Defects,Property Damage Crash
Anne Arundel,Dark Lights On,Single Vehicle,Raining,Other Vehicle,Not Applicable,No Defects,Property Damage Crash
Baltimore,Daylight,Unknown,Raining,Other Vehicle,Not Applicable,No Defects,Property Damage Crash
Baltimore,Unknown,Unknown,Raining,Other Vehicle,Not Applicable,No Defects,Property Damage Crash
Baltimore,Daylight,Single Vehicle,Raining,Other Vehicle,Not Applicable,No Defects,Property Damage Crash
Baltimore City,Daylight,Same Direction Rear End Left Turn,Raining,Other Vehicle,Parked Vehicle,No Defects,Property Damage Crash
Prince George's,Daylight,Same Movement Angle,Raining,Other Vehicle,Not Applicable,No Defects,Property Damage Crash
Baltimore City,Dark Lights On,Single Vehicle,Raining,Other Vehicle,Not Applicable,No Defects,Property Damage Crash
Baltimore,Daylight,Single Vehicle,Raining,Other Vehicle,Not Applicable,No Defects,Property Damage Crash
Frederick,Dusk,Not Applicable,Clear,Other Vehicle,Other Vehicle,No Defects,Injury Crash
Baltimore,Daylight,Single Vehicle,Raining,Other Vehicle,Not Applicable,No Defects,Property Damage Crash
Charles,Daylight,Same Movement Angle,Raining,Other Vehicle,Not Applicable,No Defects,Property Damage Crash
Washington,Daylight,Opposite Direction Both Left Turn,Raining,Other Vehicle,Not Applicable,No Defects,Property Damage Crash
Baltimore,Unknown,Single Vehicle,Not Applicable,Other Vehicle,Fixed Object,Unknown,Property Damage Crash
Baltimore,Unknown,Same Direction Sideswipe,Raining,Other Vehicle,Not Applicable,No Defects,Property Damage Crash
Talbot,Daylight,Single Vehicle,Raining,Other Vehicle,Fixed Object,No Defects,Property Damage Crash
Baltimore City,Daylight,Other,Raining,Other Vehicle,Not Applicable,No Defects,Property Damage Crash
Charles,Dark No Lights,Single Vehicle,Clear,Other Vehicle,Not Applicable,No Defects,Fatal Crash
Montgomery,Dark No Lights,Other,Raining,Other Vehicle,Other Vehicle,No Defects,Injury Crash
Prince George's,Daylight,Single Vehicle,Raining,Other Vehicle,Not Applicable,No Defects,Property Damage Crash
Prince George's,Daylight,Unknown,Raining,Other Vehicle,Not Applicable,No Defects,Property Damage Crash
Harford,Dark Lights On,Single Vehicle,Raining,Other Vehicle,Not Applicable,No Defects,Injury Crash
Anne Arundel,Daylight,Single Vehicle,Not Applicable,Other Vehicle,Not Applicable,No Defects,Injury Crash
Baltimore,Daylight,Unknown,Raining,Other Vehicle,Not Applicable,No Defects,Property Damage Crash
Montgomery,Dark Lights On,Head On Left Turn,Clear,Other Vehicle,Other Vehicle,No Defects,Property Damage Crash
Baltimore City,Unknown,Unknown,Not Applicable,Other Vehicle,Not Applicable,No Defects,Property Damage Crash
Baltimore,Daylight,Other,Raining,Other Vehicle,Not Applicable,No Defects,Property Damage Crash
Baltimore,Unknown,Other,Raining,Other Vehicle,Not Applicable,No Defects,Property Damage Crash
Baltimore City,Daylight,Unknown,Raining,Other Vehicle,Not Applicable,No Defects,Property Damage Crash
Baltimore City,Daylight,Other,Clear,Other Vehicle,Other,Other,Injury Crash
Baltimore,Daylight,Other,Not Applicable,Other Vehicle,Not Applicable,No Defects,Injury Crash
Prince George's,Daylight,Single Vehicle,Raining,Other Vehicle,Fixed Object,No Defects,Property Damage Crash
Prince George's,Daylight,Same Direction Rear End,Raining,Other Vehicle,Not Applicable,No Defects,Property Damage Crash
Baltimore,Daylight,Single Vehicle,Raining,Other Vehicle,Not Applicable,No Defects,Property Damage Crash
Charles,Daylight,Same Direction Sideswipe,Raining,Other Vehicle,Not Applicable,No Defects,Property Damage Crash
Anne Arundel,Daylight,Same Movement Angle,Clear,Other Vehicle,Not Applicable,No Defects,Injury Crash
Washington,Daylight,Single Vehicle,Raining,Other Vehicle,Fixed Object,No Defects,Property Damage Crash
Harford,Dark Lights On,Head On,Raining,Other Vehicle,Other Vehicle,No Defects,Property Damage Crash
Somerset,Dark No Lights,Single Vehicle,Raining,Other Vehicle,Not Applicable,No Defects,Property Damage Crash
Baltimore,Daylight,Unknown,Raining,Other Vehicle,Unknown,No Defects,Property Damage Crash
Baltimore City,Dark Lights On,Same Direction Left Turn,Not Applicable,Other Vehicle,Other Vehicle,No Defects,Property Damage Crash
Baltimore,Daylight,Same Direction Rear End,Raining,Other Vehicle,Not Applicable,No Defects,Property Damage Crash
Frederick,Daylight,Head On,Raining,Other Vehicle,Not Applicable,No Defects,Injury Crash
Baltimore,Daylight,Single Vehicle,Raining,Other Vehicle,Not Applicable,No Defects,Injury Crash
Montgomery,Daylight,Other,Raining,Other Vehicle,Not Applicable,No Defects,Injury Crash
Baltimore,Unknown,Unknown,Clear,Other Vehicle,Unknown,No Defects,Property Damage Crash
Garrett,Daylight,Single Vehicle,Raining,Other Vehicle,Not Applicable,No Defects,Property Damage Crash
Montgomery,Daylight,Other,Raining,Other Vehicle,Not Applicable,No Defects,Property Damage Crash
Baltimore City,Daylight,Same Direction Left Turn,Not Applicable,Other Vehicle,Other Vehicle,No Defects,Property Damage Crash
Frederick,Daylight,Same Movement Angle,Clear,Other Vehicle,Fixed Object,No Defects,Property Damage Crash
Baltimore City,Daylight,Head On,Raining,Other Vehicle,Not Applicable,No Defects,Property Damage Crash
Charles,Daylight,Same Movement Angle,Raining,Other Vehicle,Not Applicable,No Defects,Property Damage Crash
Harford,Daylight,Single Vehicle,Raining,Other Vehicle,Overturn,No Defects,Property Damage Crash
Frederick,Dark Lights On,Opposite Direction Sideswipe,Raining,Other Vehicle,Not Applicable,No Defects,Property Damage Crash
Howard,Daylight,Same Direction Rear End Left Turn,Raining,Other Vehicle,Not Applicable,No Defects,Property Damage Crash
Prince George's,Unknown,Unknown,Unknown,Other Vehicle,Unknown,Unknown,Property Damage Crash
Baltimore City,Daylight,Single Vehicle,Raining,Other Vehicle,Other Vehicle,No Defects,Property Damage Crash
Baltimore,Dark Lights On,Same Movement Angle,Raining,Other Vehicle,Not Applicable,No Defects,Injury Crash
Talbot,Daylight,Other,Raining,Other Vehicle,Not Applicable,No Defects,Property Damage Crash
Baltimore,Daylight,Unknown,Raining,Other Vehicle,Not Applicable,No Defects,Property Damage Crash
Prince George's,Daylight,Other,Raining,Other Vehicle,Parked Vehicle,No Defects,Property Damage Crash
Baltimore City,Daylight,Other,Raining,Other Vehicle,Other Vehicle,Unknown,Property Damage Crash
Harford,Daylight,Same Direction Rear End Left Turn,Raining,Other Vehicle,Not Applicable,No Defects,Property Damage Crash
Baltimore,Dark Lights On,Single Vehicle,Raining,Other Vehicle,Not Applicable,No Defects,Property Damage Crash
Baltimore City,Daylight,Single Vehicle,Raining,Other Vehicle,Fixed Object,No Defects,Property Damage Crash
Baltimore,Daylight,Other,Raining,Other Vehicle,Not Applicable,No Defects,Property Damage Crash
Baltimore,Daylight,Unknown,Raining,Other Vehicle,Not Applicable,No Defects,Property Damage Crash
Baltimore,Daylight,Unknown,Raining,Other Vehicle,Not Applicable,No Defects,Property Damage Crash
Baltimore,Unknown,Unknown,Raining,Other Vehicle,Not Applicable,No Defects,Property Damage Crash
Baltimore,Dark - Unknown Lighting,Single Vehicle,Raining,Other Vehicle,Not Applicable,No Defects,Property Damage Crash
Montgomery,Dusk,Single Vehicle,Clear,Other Vehicle,Not Applicable,No Defects,Property Damage Crash
Queen Anne's,Daylight,Same Movement Angle,Raining,Other Vehicle,Not Applicable,No Defects,Injury Crash
Prince George's,Daylight,Other,Raining,Other Vehicle,Not Applicable,No Defects,Property Damage Crash
Baltimore City,Daylight,Not Applicable,Raining,Other Vehicle,Other Vehicle,No Defects,Injury Crash
Frederick,Daylight,Head On,Raining,Other Vehicle,Fixed Object,No Defects,Property Damage Crash
Anne Arundel,Daylight,Single Vehicle,Cloudy,Other Vehicle,Not Applicable,No Defects,Injury Crash
Baltimore City,Dark Lights On,Same Direction Rear End,Raining,Other Vehicle,Not Applicable,No Defects,Property Damage Crash
Queen Anne's,Daylight,Same Movement Angle,Not Applicable,Other Vehicle,Other Vehicle,No Defects,Property Damage Crash
Baltimore,Daylight,Other,Raining,Other Vehicle,Parked Vehicle,No Defects,Property Damage Crash
Prince George's,Dark No Lights,Other,Raining,Other Vehicle,Pedestrian,No Defects,Property Damage Crash
Baltimore City,Dark Lights On,Head On Left Turn,Raining,Other Vehicle,Other Vehicle,No Defects,Property Damage Crash
Baltimore,Daylight,Unknown,Raining,Other Vehicle,Not Applicable,No Defects,Property Damage Crash
Baltimore,Unknown,Unknown,Clear,Other Vehicle,Not Applicable,No Defects,Property Damage Crash
Baltimore,Daylight,Other,Raining,Other Vehicle,Not Applicable,No Defects,Property Damage Crash
Baltimore City,Daylight,Same Movement Angle,Not Applicable,Other Vehicle,Not Applicable,No Defects,Injury Crash
Washington,Daylight,Same Movement Angle,Raining,Other Vehicle,Not Applicable,No Defects,Property Damage Crash
Baltimore City,Daylight,Not Applicable,Raining,Other Vehicle,Not Applicable,No Defects,Property Damage Crash
Baltimore,Daylight,Not Applicable,Raining,Other Vehicle,Not Applicable,Not Applicable,Property Damage Crash
Caroline,Not Applicable,Single Vehicle,Clear,Other Vehicle,Other Object,No Defects,Injury Crash
Prince George's,Dark Lights On,Single Vehicle,Raining,Other Vehicle,Not Applicable,No Defects,Property Damage Crash
Baltimore,Dark Lights On,Unknown,Raining,Other Vehicle,Not Applicable,No Defects,Property Damage Crash
Baltimore,Daylight,Single Vehicle,Raining,Other Vehicle,Off Road,No Defects,Property Damage Crash
Washington,Dark Lights On,Other,Not Applicable,Other Vehicle,Not Applicable,Not Applicable,Property Damage Crash
Baltimore City,Daylight,Single Vehicle,Clear,Other Vehicle,Not Applicable,No Defects,Property Damage Crash
Baltimore,Dark Lights On,Other,Clear,Other Vehicle,Not Applicable,No Defects,Property Damage Crash
Calvert,Dawn,Same Direction Rear End,Clear,Other Vehicle,Not Applicable,No Defects,Injury Crash
Montgomery,Daylight,Same Direction Rear End,Raining,Other Vehicle,Not Applicable,No Defects,Property Damage Crash
Carroll,Daylight,Single Vehicle,Raining,Other Vehicle,Fixed Object,No Defects,Property Damage Crash
Talbot,Daylight,Head On Left Turn,Clear,Other Vehicle,Not Applicable,No Defects,Injury Crash
Baltimore,Dark - Unknown Lighting,Other,Unknown,Other Vehicle,Other Vehicle,No Defects,Property Damage Crash
Baltimore,Not Applicable,Same Movement Angle,Raining,Other Vehicle,Not Applicable,No Defects,Property Damage Crash
Queen Anne's,Dark Lights On,Single Vehicle,Raining,Other Vehicle,Off Road,No Defects,Property Damage Crash
Anne Arundel,Daylight,Other,Raining,Other Vehicle,Not Applicable,No Defects,Property Damage Crash
Prince George's,Daylight,Same Movement Angle,Raining,Other Vehicle,Fixed Object,No Defects,Property Damage Crash
Baltimore,Dark Lights On,Same Direction Right Turn,Raining,Other Vehicle,Not Applicable,No Defects,Property Damage Crash
Montgomery,Daylight,Other,Raining,Other Vehicle,Other Vehicle,No Defects,Property Damage Crash
Baltimore,Daylight,Angle Meets Left Turn,Clear,Other Vehicle,Not Applicable,No Defects,Property Damage Crash
Calvert,Daylight,Other,Raining,Other Vehicle,Not Applicable,No Defects,Property Damage Crash
Baltimore City,Daylight,Same Movement Angle,Raining,Other Vehicle,Other Vehicle,No Defects,Property Damage Crash
Prince George's,Daylight,Same Direction Rear End,Raining,Other Vehicle,Not Applicable,No Defects,Property Damage Crash
Baltimore,Daylight,Unknown,Raining,Other Vehicle,Parked Vehicle,No Defects,Property Damage Crash
Baltimore,Dark No Lights,Single Vehicle,Raining,Other Vehicle,Not Applicable,No Defects,Property Damage Crash
Baltimore,Daylight,Same Direction Sideswipe,Raining,Other Vehicle,Not Applicable,No Defects,Property Damage Crash
Baltimore City,Dark Lights On,Same Direction Rear End,Not Applicable,Other Vehicle,Not Applicable,No Defects,Property Damage Crash
Baltimore,Daylight,Same Direction Rear End,Raining,Other Vehicle,Not Applicable,No Defects,Property Damage Crash
Frederick,Daylight,Unknown,Raining,Other Vehicle,Not Applicable,No Defects,Property Damage Crash
Prince George's,Daylight,Head On Left Turn,Raining,Other Vehicle,Not Applicable,No Defects,Property Damage Crash
Baltimore,Dusk,Other,Cloudy,Other Vehicle,Fixed Object,No Defects,Injury Crash
Montgomery,Dark Lights On,Head On Left Turn,Raining,Other Vehicle,Not Applicable,No Defects,Property Damage Crash
Anne Arundel,Daylight,Other,Raining,Other Vehicle,Parked Vehicle,No Defects,Property Damage Crash
Cecil,Not Applicable,Unknown,Not Applicable,Other Vehicle,Not Applicable,No Defects,Property Damage Crash
Baltimore City,Daylight,Single Vehicle,Clear,Other Vehicle,Pedestrian,No Defects,Injury Crash
Montgomery,Daylight,Head On Left Turn,Raining,Other Vehicle,Not Applicable,No Defects,Injury Crash
Prince George's,Daylight,Other,Raining,Other Vehicle,Not Applicable,No Defects,Injury Crash
Baltimore,Daylight,Other,Raining,Other Vehicle,Not Applicable,No Defects,Injury Crash
Harford,Daylight,Other,Raining,Other Vehicle,Not Applicable,No Defects,Property Damage Crash
Baltimore,Dark Lights On,Head On,Raining,Other Vehicle,Not Applicable,No Defects,Property Damage Crash
Baltimore City,Dark Lights On,Same Direction Left Turn,Raining,Other Vehicle,Other Vehicle,No Defects,Property Damage Crash
Washington,Dark Lights On,Not Applicable,Not Applicable,Other Vehicle,Not Applicable,No Defects,Injury Crash
Baltimore,Daylight,Single Vehicle,Raining,Other Vehicle,Not Applicable,Not Applicable,Property Damage Crash
Baltimore City,Daylight,Other,Not Applicable,Other Vehicle,Not Applicable,No Defects,Property Damage Crash
Queen Anne's,Daylight,Single Vehicle,Raining,Other Vehicle,Not Applicable,No Defects,Property Damage Crash
Howard,Dark No Lights,Single Vehicle,Clear,Other Vehicle,Not Applicable,No Defects,Injury Crash
Cecil,Daylight,Single Vehicle,Raining,Other Vehicle,Fixed Object,No Defects,Property Damage Crash
Carroll,Daylight,Head On Left Turn,Raining,Other Vehicle,Not Applicable,No Defects,Property Damage Crash
Baltimore City,Daylight,Single Vehicle,Raining,Other Vehicle,Not Applicable,No Defects,Property Damage Crash
Washington,Dark No Lights,Single Vehicle,Raining,Other Vehicle,Not Applicable,No Defects,Property Damage Crash
Baltimore City,Daylight,Other,Clear,Other Vehicle,Not Applicable,No Defects,Property Damage Crash
Baltimore City,Daylight,Same Direction Sideswipe,Raining,Other Vehicle,Not Applicable,No Defects,Property Damage Crash
Worcester,Dark Lights On,Head On,Raining,Other Vehicle,Not Applicable,No Defects,Property Damage Crash
Anne Arundel,Dark Lights On,Single Vehicle,Raining,Other Vehicle,Unknown,No Defects,Property Damage Crash
Montgomery,Daylight,Same Direction Sideswipe,Raining,Other Vehicle,Not Applicable,No Defects,Property Damage Crash
Baltimore,Daylight,Single Vehicle,Clear,Other Vehicle,Not Applicable,No Defects,Property Damage Crash
Baltimore City,Daylight,Unknown,Raining,Other Vehicle,Not Applicable,No Defects,Property Damage Crash
Baltimore,Daylight,Unknown,Raining,Other Vehicle,Not Applicable,No Defects,Property Damage Crash
Montgomery,Dark Lights On,Same Movement Angle,Clear,Other Vehicle,Not Applicable,No Defects,Property Damage Crash
Baltimore City,Dark Lights On,Not Applicable,Raining,Other Vehicle,Other Vehicle,No Defects,Property Damage Crash
Baltimore City,Daylight,Same Direction Sideswipe,Clear,Other Vehicle,Parked Vehicle,No Defects,Property Damage Crash
Prince George's,Dark Lights On,Other,Raining,Other Vehicle,Not Applicable,No Defects,Property Damage Crash
Baltimore,Daylight,Other,Raining,Other Vehicle,Not Applicable,No Defects,Property Damage Crash
Prince George's,Daylight,Single Vehicle,Raining,Other Vehicle,Not Applicable,No Defects,Property Damage Crash
Prince George's,Dark No Lights,Head On,Raining,Other Vehicle,Not Applicable,No Defects,Property Damage Crash
Baltimore,Daylight,Other,Raining,Other Vehicle,Not Applicable,No Defects,Property Damage Crash
Baltimore City,Dark Lights On,Other,Raining,Other Vehicle,Other Vehicle,No Defects,Property Damage Crash
Prince George's,Daylight,Single Vehicle,Raining,Other Vehicle,Fixed Object,No Defects,Property Damage Crash
Dorchester,Dawn,Same Movement Angle,Not Applicable,Other Vehicle,Not Applicable,No Defects,Injury Crash
Harford,Daylight,Same Direction Sideswipe,Raining,Other Vehicle,Not Applicable,No Defects,Property Damage Crash
St. Mary's,Daylight,Other,Raining,Other Vehicle,Fixed Object,No Defects,Injury Crash
Wicomico,Daylight,Other,Raining,Other Vehicle,Not Applicable,No Defects,Property Damage Crash
Baltimore,Dark Lights On,Other,Raining,Other Vehicle,Not Applicable,No Defects,Property Damage Crash
Baltimore City,Unknown,Unknown,Raining,Other Vehicle,Not Applicable,No Defects,Property Damage Crash
Anne Arundel,Daylight,Other,Raining,Other Vehicle,Not Applicable,No Defects,Property Damage Crash
Baltimore City,Daylight,Same Direction Left Turn,Raining,Other Vehicle,Not Applicable,No Defects,Property Damage Crash
Baltimore,Dusk,Head On Left Turn,Raining,Other Vehicle,Not Applicable,No Defects,Injury Crash
Baltimore City,Unknown,Head On,Raining,Other Vehicle,Not Applicable,No Defects,Property Damage Crash
Montgomery,Daylight,Same Direction Rear End,Clear,Other Vehicle,Not Applicable,No Defects,Property Damage Crash
Montgomery,Daylight,Other,Raining,Other Vehicle,Not Applicable,No Defects,Injury Crash
Wicomico,Daylight,Same Movement Angle,Raining,Other Vehicle,Not Applicable,No Defects,Property Damage Crash
Garrett,Daylight,Single Vehicle,Raining,Other Vehicle,Not Applicable,No Defects,Property Damage Crash
Prince George's,Dark Lights On,Other,Raining,Other Vehicle,Parked Vehicle,No Defects,Property Damage Crash